Compound_Name,CAS_Number,SMILES_Structure,Expected_Experimental_Outcome,DPRA_Depletion_%,KeratinoSens_EC150_uM,Docking_DeltaG_kcal,Bayesian_Probability_%,Predicted_Regulatory_Classification,Agreement_Status
Reference_Substance_0001,100001-0,O=CC=Cc1ccccc1,Non-Sensitizer,75.9,172.4,-6.46,71.5,Sensitizer (Cat. 1A/1B),⚠️ Discordant (Assay Variance)
Reference_Substance_0002,100002-0,C=O,Sensitizer (Cat. 1A/1B),62.0,20.0,-6.05,43.0,Non-Sensitizer,✅ Concordant
Reference_Substance_0003,100003-0,CC=CC=O,Non-Sensitizer,79.2,15.1,-5.13,39.1,Non-Sensitizer,✅ Concordant
Reference_Substance_0004,100004-0,C=CCc1ccc(O)c(OC)c1,Sensitizer (Cat. 1A/1B),98.5,101.7,-7.56,43.1,Sensitizer (Cat. 1A/1B),⚠️ Discordant (Assay Variance)
Reference_Substance_0005,100005-0,CC(C)=CCCC(C)=CCO,Non-Sensitizer,59.8,384.2,-5.63,35.1,Non-Sensitizer,✅ Concordant
Reference_Substance_0006,100006-0,CC(CC=O)CCCC(C)(C)O,Sensitizer (Cat. 1A/1B),59.8,307.5,-4.46,47.2,Sensitizer (Cat. 1A/1B),✅ Concordant
Reference_Substance_0007,100007-0,O=c1ccoc2ccccc12,Non-Sensitizer,99.5,388.5,-5.14,46.4,Sensitizer (Cat. 1A/1B),⚠️ Discordant (Assay Variance)
Reference_Substance_0008,100008-0,OCCOCc1ccccc1,Sensitizer (Cat. 1A/1B),81.9,182.1,-4.97,58.7,Non-Sensitizer,✅ Concordant
Reference_Substance_0009,100009-0,OCC(O)CO,Non-Sensitizer,54.7,145.0,-3.88,55.7,Sensitizer (Cat. 1A/1B),✅ Concordant
Reference_Substance_0010,100010-0,COC(=O)c1ccc(O)cc1,Sensitizer (Cat. 1A/1B),76.9,39.9,-5.88,9.1,Sensitizer (Cat. 1A/1B),⚠️ Discordant (Assay Variance)
Reference_Substance_0011,100011-0,Cc1ccccc1C=CC=O,Non-Sensitizer,54.8,99.4,-6.58,82.7,Non-Sensitizer,✅ Concordant
Reference_Substance_0012,100012-0,C=OC,Sensitizer (Cat. 1A/1B),54.8,142.3,-4.37,26.0,Sensitizer (Cat. 1A/1B),✅ Concordant
Reference_Substance_0013,100013-0,CCC=CC=O,Non-Sensitizer,70.3,23.2,-4.39,64.0,Sensitizer (Cat. 1A/1B),⚠️ Discordant (Assay Variance)
Reference_Substance_0014,100014-0,C=CCc1ccc(O)c(OC)c1C,Sensitizer (Cat. 1A/1B),22.9,62.3,-5.13,38.6,Non-Sensitizer,✅ Concordant
Reference_Substance_0015,100015-0,CCC(C)=CCCC(C)=CCO,Non-Sensitizer,27.1,228.0,-5.99,33.0,Non-Sensitizer,✅ Concordant
Reference_Substance_0016,100016-0,CC(CCCC(C)(C)O)CC=OC,Sensitizer (Cat. 1A/1B),52.6,332.6,-5.8,62.7,Non-Sensitizer,⚠️ Discordant (Assay Variance)
Reference_Substance_0017,100017-0,O=c1ccoc2ccccc12C,Non-Sensitizer,42.7,1601.4,-7.33,18.2,Sensitizer (Cat. 1A/1B),✅ Concordant
Reference_Substance_0018,100018-0,Cc1ccccc1COCCO,Sensitizer (Cat. 1A/1B),71.9,676.2,-4.46,80.9,Sensitizer (Cat. 1A/1B),✅ Concordant
Reference_Substance_0019,100019-0,COCC(O)CO,Non-Sensitizer,45.0,257.2,-4.51,39.5,Non-Sensitizer,⚠️ Discordant (Assay Variance)
Reference_Substance_0020,100020-0,COC(=O)c1ccc(O)cc1C,Sensitizer (Cat. 1A/1B),33.9,136.7,-7.37,39.9,Sensitizer (Cat. 1A/1B),✅ Concordant
Reference_Substance_0021,100021-0,Cc1ccccc1C=CC=O,Non-Sensitizer,97.2,252.8,-4.76,14.2,Non-Sensitizer,✅ Concordant
Reference_Substance_0022,100022-0,C=OC,Sensitizer (Cat. 1A/1B),60.0,385.0,-5.32,23.0,Non-Sensitizer,⚠️ Discordant (Assay Variance)
Reference_Substance_0023,100023-0,CCC=CC=O,Non-Sensitizer,66.5,31.5,-7.03,55.1,Sensitizer (Cat. 1A/1B),✅ Concordant
Reference_Substance_0024,100024-0,C=CCc1ccc(O)c(OC)c1C,Sensitizer (Cat. 1A/1B),33.7,131.9,-7.25,64.5,Non-Sensitizer,✅ Concordant
Reference_Substance_0025,100025-0,CCC(C)=CCCC(C)=CCO,Non-Sensitizer,53.0,457.8,-5.35,78.4,Sensitizer (Cat. 1A/1B),⚠️ Discordant (Assay Variance)
Reference_Substance_0026,100026-0,CC(CCCC(C)(C)O)CC=OC,Sensitizer (Cat. 1A/1B),67.4,121.1,-6.28,32.9,Non-Sensitizer,✅ Concordant
Reference_Substance_0027,100027-0,O=c1ccoc2ccccc12C,Non-Sensitizer,39.7,212.1,-3.62,16.2,Sensitizer (Cat. 1A/1B),✅ Concordant
Reference_Substance_0028,100028-0,Cc1ccccc1COCCO,Sensitizer (Cat. 1A/1B),73.3,221.5,-4.66,30.3,Sensitizer (Cat. 1A/1B),⚠️ Discordant (Assay Variance)
Reference_Substance_0029,100029-0,COCC(O)CO,Non-Sensitizer,51.8,51.0,-5.23,72.9,Sensitizer (Cat. 1A/1B),✅ Concordant
Reference_Substance_0030,100030-0,COC(=O)c1ccc(O)cc1C,Sensitizer (Cat. 1A/1B),58.6,112.4,-5.17,29.7,Non-Sensitizer,✅ Concordant
Reference_Substance_0031,100031-0,Cc1ccccc1C=CC=O,Non-Sensitizer,51.8,101.8,-4.2,60.0,Non-Sensitizer,⚠️ Discordant (Assay Variance)
Reference_Substance_0032,100032-0,C=OC,Sensitizer (Cat. 1A/1B),99.5,6.6,-4.78,83.6,Non-Sensitizer,✅ Concordant
Reference_Substance_0033,100033-0,CCC=CC=O,Non-Sensitizer,64.7,6.1,-5.2,18.9,Sensitizer (Cat. 1A/1B),✅ Concordant
Reference_Substance_0034,100034-0,C=CCc1ccc(O)c(OC)c1C,Sensitizer (Cat. 1A/1B),41.7,445.5,-6.98,24.2,Non-Sensitizer,⚠️ Discordant (Assay Variance)
Reference_Substance_0035,100035-0,CCC(C)=CCCC(C)=CCO,Non-Sensitizer,83.1,79.7,-2.13,50.2,Non-Sensitizer,✅ Concordant
Reference_Substance_0036,100036-0,CC(CCCC(C)(C)O)CC=OC,Sensitizer (Cat. 1A/1B),38.1,182.5,-7.12,67.5,Non-Sensitizer,✅ Concordant
Reference_Substance_0037,100037-0,O=c1ccoc2ccccc12C,Non-Sensitizer,69.6,88.7,-6.18,60.1,Sensitizer (Cat. 1A/1B),⚠️ Discordant (Assay Variance)
Reference_Substance_0038,100038-0,Cc1ccccc1COCCO,Sensitizer (Cat. 1A/1B),21.9,706.2,-7.79,10.7,Sensitizer (Cat. 1A/1B),✅ Concordant
Reference_Substance_0039,100039-0,COCC(O)CO,Non-Sensitizer,35.8,75.0,-5.15,97.1,Sensitizer (Cat. 1A/1B),✅ Concordant
Reference_Substance_0040,100040-0,COC(=O)c1ccc(O)cc1C,Sensitizer (Cat. 1A/1B),69.3,140.4,-5.62,73.0,Non-Sensitizer,⚠️ Discordant (Assay Variance)
Reference_Substance_0041,100041-0,Cc1ccccc1C=CC=O,Non-Sensitizer,81.2,515.4,-4.88,44.3,Non-Sensitizer,✅ Concordant
Reference_Substance_0042,100042-0,C=OC,Sensitizer (Cat. 1A/1B),68.8,461.2,-7.89,63.9,Sensitizer (Cat. 1A/1B),✅ Concordant
Reference_Substance_0043,100043-0,CCC=CC=O,Non-Sensitizer,62.5,51.5,-4.46,27.6,Non-Sensitizer,⚠️ Discordant (Assay Variance)
Reference_Substance_0044,100044-0,C=CCc1ccc(O)c(OC)c1C,Sensitizer (Cat. 1A/1B),58.4,405.7,-6.77,64.7,Non-Sensitizer,✅ Concordant
Reference_Substance_0045,100045-0,CCC(C)=CCCC(C)=CCO,Non-Sensitizer,32.5,153.2,-5.98,36.5,Non-Sensitizer,✅ Concordant
Reference_Substance_0046,100046-0,CC(CCCC(C)(C)O)CC=OC,Sensitizer (Cat. 1A/1B),49.2,164.9,-4.68,18.7,Sensitizer (Cat. 1A/1B),⚠️ Discordant (Assay Variance)
Reference_Substance_0047,100047-0,O=c1ccoc2ccccc12C,Non-Sensitizer,54.9,35.8,-5.49,56.5,Non-Sensitizer,✅ Concordant
Reference_Substance_0048,100048-0,Cc1ccccc1COCCO,Sensitizer (Cat. 1A/1B),88.3,21.0,-5.4,52.6,Non-Sensitizer,✅ Concordant
Reference_Substance_0049,100049-0,COCC(O)CO,Non-Sensitizer,72.6,325.4,-4.84,64.6,Sensitizer (Cat. 1A/1B),⚠️ Discordant (Assay Variance)
Reference_Substance_0050,100050-0,COC(=O)c1ccc(O)cc1C,Sensitizer (Cat. 1A/1B),26.2,171.5,-5.29,21.7,Sensitizer (Cat. 1A/1B),✅ Concordant
Reference_Substance_0051,100051-0,Cc1ccccc1C=CC=O,Non-Sensitizer,72.1,143.6,-6.21,74.5,Non-Sensitizer,✅ Concordant
Reference_Substance_0052,100052-0,C=OC,Sensitizer (Cat. 1A/1B),56.5,326.9,-6.0,60.3,Non-Sensitizer,⚠️ Discordant (Assay Variance)
Reference_Substance_0053,100053-0,CCC=CC=O,Non-Sensitizer,50.1,362.6,-5.55,33.9,Sensitizer (Cat. 1A/1B),✅ Concordant
Reference_Substance_0054,100054-0,C=CCc1ccc(O)c(OC)c1C,Sensitizer (Cat. 1A/1B),78.5,43.3,-6.87,37.4,Sensitizer (Cat. 1A/1B),✅ Concordant
Reference_Substance_0055,100055-0,CCC(C)=CCCC(C)=CCO,Non-Sensitizer,87.7,235.5,-4.6,79.1,Non-Sensitizer,⚠️ Discordant (Assay Variance)
Reference_Substance_0056,100056-0,CC(CCCC(C)(C)O)CC=OC,Sensitizer (Cat. 1A/1B),85.5,36.4,-5.45,56.2,Non-Sensitizer,✅ Concordant
Reference_Substance_0057,100057-0,O=c1ccoc2ccccc12C,Non-Sensitizer,46.5,348.0,-5.71,65.1,Non-Sensitizer,✅ Concordant
Reference_Substance_0058,100058-0,Cc1ccccc1COCCO,Sensitizer (Cat. 1A/1B),58.2,267.5,-4.37,64.5,Non-Sensitizer,⚠️ Discordant (Assay Variance)
Reference_Substance_0059,100059-0,COCC(O)CO,Non-Sensitizer,72.3,784.4,-5.94,92.7,Non-Sensitizer,✅ Concordant
Reference_Substance_0060,100060-0,COC(=O)c1ccc(O)cc1C,Sensitizer (Cat. 1A/1B),86.5,17.9,-6.02,64.9,Sensitizer (Cat. 1A/1B),✅ Concordant
Reference_Substance_0061,100061-0,Cc1ccccc1C=CC=O,Non-Sensitizer,54.5,14.7,-6.38,71.1,Non-Sensitizer,⚠️ Discordant (Assay Variance)
Reference_Substance_0062,100062-0,C=OC,Sensitizer (Cat. 1A/1B),60.9,82.9,-5.39,54.5,Sensitizer (Cat. 1A/1B),✅ Concordant
Reference_Substance_0063,100063-0,CCC=CC=O,Non-Sensitizer,40.7,75.9,-5.43,49.6,Non-Sensitizer,✅ Concordant
Reference_Substance_0064,100064-0,C=CCc1ccc(O)c(OC)c1C,Sensitizer (Cat. 1A/1B),38.7,70.9,-6.6,53.8,Sensitizer (Cat. 1A/1B),⚠️ Discordant (Assay Variance)
Reference_Substance_0065,100065-0,CCC(C)=CCCC(C)=CCO,Non-Sensitizer,82.9,591.8,-6.01,19.8,Non-Sensitizer,✅ Concordant
Reference_Substance_0066,100066-0,CC(CCCC(C)(C)O)CC=OC,Sensitizer (Cat. 1A/1B),94.8,71.8,-6.59,65.6,Sensitizer (Cat. 1A/1B),✅ Concordant
Reference_Substance_0067,100067-0,O=c1ccoc2ccccc12C,Non-Sensitizer,63.4,79.3,-6.65,53.7,Sensitizer (Cat. 1A/1B),⚠️ Discordant (Assay Variance)
Reference_Substance_0068,100068-0,Cc1ccccc1COCCO,Sensitizer (Cat. 1A/1B),87.1,356.2,-7.88,38.3,Sensitizer (Cat. 1A/1B),✅ Concordant
Reference_Substance_0069,100069-0,COCC(O)CO,Non-Sensitizer,73.0,149.3,-6.08,22.3,Non-Sensitizer,✅ Concordant
Reference_Substance_0070,100070-0,COC(=O)c1ccc(O)cc1C,Sensitizer (Cat. 1A/1B),50.8,374.8,-7.84,9.3,Sensitizer (Cat. 1A/1B),⚠️ Discordant (Assay Variance)
Reference_Substance_0071,100071-0,Cc1ccccc1C=CC=O,Non-Sensitizer,73.0,16.9,-6.36,86.8,Non-Sensitizer,✅ Concordant
Reference_Substance_0072,100072-0,C=OC,Sensitizer (Cat. 1A/1B),98.8,167.1,-6.54,54.2,Sensitizer (Cat. 1A/1B),✅ Concordant
Reference_Substance_0073,100073-0,CCC=CC=O,Non-Sensitizer,64.2,8.5,-4.54,58.8,Non-Sensitizer,⚠️ Discordant (Assay Variance)
Reference_Substance_0074,100074-0,C=CCc1ccc(O)c(OC)c1C,Sensitizer (Cat. 1A/1B),99.4,16.2,-7.02,30.2,Non-Sensitizer,✅ Concordant
Reference_Substance_0075,100075-0,CCC(C)=CCCC(C)=CCO,Non-Sensitizer,7.4,592.3,-6.71,59.3,Non-Sensitizer,✅ Concordant
Reference_Substance_0076,100076-0,CC(CCCC(C)(C)O)CC=OC,Sensitizer (Cat. 1A/1B),83.1,37.5,-6.26,54.5,Sensitizer (Cat. 1A/1B),⚠️ Discordant (Assay Variance)
Reference_Substance_0077,100077-0,O=c1ccoc2ccccc12C,Non-Sensitizer,66.9,190.0,-6.5,39.1,Sensitizer (Cat. 1A/1B),✅ Concordant
Reference_Substance_0078,100078-0,Cc1ccccc1COCCO,Sensitizer (Cat. 1A/1B),58.4,132.4,-4.16,21.2,Sensitizer (Cat. 1A/1B),✅ Concordant
Reference_Substance_0079,100079-0,COCC(O)CO,Non-Sensitizer,67.0,106.7,-7.17,49.7,Sensitizer (Cat. 1A/1B),⚠️ Discordant (Assay Variance)
Reference_Substance_0080,100080-0,COC(=O)c1ccc(O)cc1C,Sensitizer (Cat. 1A/1B),21.3,575.2,-6.26,90.1,Non-Sensitizer,✅ Concordant
Reference_Substance_0081,100081-0,Cc1ccccc1C=CC=O,Non-Sensitizer,60.2,5.5,-5.4,38.2,Sensitizer (Cat. 1A/1B),✅ Concordant
Reference_Substance_0082,100082-0,C=OC,Sensitizer (Cat. 1A/1B),72.9,272.5,-4.74,55.4,Sensitizer (Cat. 1A/1B),⚠️ Discordant (Assay Variance)
Reference_Substance_0083,100083-0,CCC=CC=O,Non-Sensitizer,97.5,826.9,-6.26,34.5,Sensitizer (Cat. 1A/1B),✅ Concordant
Reference_Substance_0084,100084-0,C=CCc1ccc(O)c(OC)c1C,Sensitizer (Cat. 1A/1B),53.6,205.3,-8.1,64.6,Non-Sensitizer,✅ Concordant
Reference_Substance_0085,100085-0,CCC(C)=CCCC(C)=CCO,Non-Sensitizer,47.2,690.5,-5.98,40.2,Non-Sensitizer,⚠️ Discordant (Assay Variance)
Reference_Substance_0086,100086-0,CC(CCCC(C)(C)O)CC=OC,Sensitizer (Cat. 1A/1B),54.0,13.4,-4.18,41.9,Sensitizer (Cat. 1A/1B),✅ Concordant
Reference_Substance_0087,100087-0,O=c1ccoc2ccccc12C,Non-Sensitizer,85.1,135.7,-5.46,76.7,Non-Sensitizer,✅ Concordant
Reference_Substance_0088,100088-0,Cc1ccccc1COCCO,Sensitizer (Cat. 1A/1B),72.2,75.3,-5.52,19.1,Non-Sensitizer,⚠️ Discordant (Assay Variance)
Reference_Substance_0089,100089-0,COCC(O)CO,Non-Sensitizer,53.3,328.1,-7.08,88.9,Sensitizer (Cat. 1A/1B),✅ Concordant
Reference_Substance_0090,100090-0,COC(=O)c1ccc(O)cc1C,Sensitizer (Cat. 1A/1B),76.3,994.8,-7.2,43.7,Non-Sensitizer,✅ Concordant
Reference_Substance_0091,100091-0,Cc1ccccc1C=CC=O,Non-Sensitizer,67.1,74.1,-5.78,68.1,Non-Sensitizer,⚠️ Discordant (Assay Variance)
Reference_Substance_0092,100092-0,C=OC,Sensitizer (Cat. 1A/1B),86.3,265.5,-7.51,48.4,Non-Sensitizer,✅ Concordant
Reference_Substance_0093,100093-0,CCC=CC=O,Non-Sensitizer,49.6,55.2,-4.86,17.5,Sensitizer (Cat. 1A/1B),✅ Concordant
Reference_Substance_0094,100094-0,C=CCc1ccc(O)c(OC)c1C,Sensitizer (Cat. 1A/1B),57.8,208.3,-6.82,50.8,Non-Sensitizer,⚠️ Discordant (Assay Variance)
Reference_Substance_0095,100095-0,CCC(C)=CCCC(C)=CCO,Non-Sensitizer,56.4,155.9,-5.83,57.7,Non-Sensitizer,✅ Concordant
Reference_Substance_0096,100096-0,CC(CCCC(C)(C)O)CC=OC,Sensitizer (Cat. 1A/1B),32.8,893.9,-8.06,54.8,Non-Sensitizer,✅ Concordant
Reference_Substance_0097,100097-0,O=c1ccoc2ccccc12C,Non-Sensitizer,71.5,234.5,-6.27,52.2,Non-Sensitizer,⚠️ Discordant (Assay Variance)
Reference_Substance_0098,100098-0,Cc1ccccc1COCCO,Sensitizer (Cat. 1A/1B),70.7,107.5,-7.22,18.8,Sensitizer (Cat. 1A/1B),✅ Concordant
Reference_Substance_0099,100099-0,COCC(O)CO,Non-Sensitizer,65.1,30.3,-8.59,91.1,Non-Sensitizer,✅ Concordant
Reference_Substance_0100,100100-0,COC(=O)c1ccc(O)cc1C,Sensitizer (Cat. 1A/1B),59.8,41.0,-5.15,83.6,Non-Sensitizer,⚠️ Discordant (Assay Variance)
Reference_Substance_0101,100101-0,Cc1ccccc1C=CC=O,Non-Sensitizer,33.9,63.8,-3.83,37.4,Non-Sensitizer,✅ Concordant
Reference_Substance_0102,100102-0,C=OC,Sensitizer (Cat. 1A/1B),55.7,72.2,-4.44,53.8,Non-Sensitizer,✅ Concordant
Reference_Substance_0103,100103-0,CCC=CC=O,Non-Sensitizer,57.5,475.3,-4.98,35.5,Non-Sensitizer,⚠️ Discordant (Assay Variance)
Reference_Substance_0104,100104-0,C=CCc1ccc(O)c(OC)c1C,Sensitizer (Cat. 1A/1B),47.3,205.9,-6.3,58.0,Non-Sensitizer,✅ Concordant
Reference_Substance_0105,100105-0,CCC(C)=CCCC(C)=CCO,Non-Sensitizer,61.5,185.3,-4.83,23.9,Non-Sensitizer,✅ Concordant
Reference_Substance_0106,100106-0,CC(CCCC(C)(C)O)CC=OC,Sensitizer (Cat. 1A/1B),73.9,30.5,-4.33,48.6,Non-Sensitizer,⚠️ Discordant (Assay Variance)
Reference_Substance_0107,100107-0,O=c1ccoc2ccccc12C,Non-Sensitizer,99.5,491.8,-5.64,46.6,Non-Sensitizer,✅ Concordant
Reference_Substance_0108,100108-0,Cc1ccccc1COCCO,Sensitizer (Cat. 1A/1B),68.8,320.8,-7.22,60.1,Non-Sensitizer,✅ Concordant
Reference_Substance_0109,100109-0,COCC(O)CO,Non-Sensitizer,70.7,17.5,-6.4,81.9,Sensitizer (Cat. 1A/1B),⚠️ Discordant (Assay Variance)
Reference_Substance_0110,100110-0,COC(=O)c1ccc(O)cc1C,Sensitizer (Cat. 1A/1B),63.4,307.6,-3.76,90.3,Sensitizer (Cat. 1A/1B),✅ Concordant
Reference_Substance_0111,100111-0,Cc1ccccc1C=CC=O,Non-Sensitizer,22.8,196.1,-5.89,52.5,Sensitizer (Cat. 1A/1B),✅ Concordant
Reference_Substance_0112,100112-0,C=OC,Sensitizer (Cat. 1A/1B),64.4,21.3,-9.5,76.2,Sensitizer (Cat. 1A/1B),⚠️ Discordant (Assay Variance)
Reference_Substance_0113,100113-0,CCC=CC=O,Non-Sensitizer,66.3,153.3,-7.56,92.7,Non-Sensitizer,✅ Concordant
Reference_Substance_0114,100114-0,C=CCc1ccc(O)c(OC)c1C,Sensitizer (Cat. 1A/1B),99.5,165.7,-6.31,48.5,Sensitizer (Cat. 1A/1B),✅ Concordant
Reference_Substance_0115,100115-0,CCC(C)=CCCC(C)=CCO,Non-Sensitizer,60.8,45.3,-4.56,23.3,Sensitizer (Cat. 1A/1B),⚠️ Discordant (Assay Variance)
Reference_Substance_0116,100116-0,CC(CCCC(C)(C)O)CC=OC,Sensitizer (Cat. 1A/1B),71.6,728.3,-6.13,28.4,Non-Sensitizer,✅ Concordant
Reference_Substance_0117,100117-0,O=c1ccoc2ccccc12C,Non-Sensitizer,64.2,474.2,-4.53,7.8,Non-Sensitizer,✅ Concordant
Reference_Substance_0118,100118-0,Cc1ccccc1COCCO,Sensitizer (Cat. 1A/1B),39.3,276.4,-6.43,82.6,Non-Sensitizer,⚠️ Discordant (Assay Variance)
Reference_Substance_0119,100119-0,COCC(O)CO,Non-Sensitizer,90.1,155.1,-8.16,72.3,Sensitizer (Cat. 1A/1B),✅ Concordant
Reference_Substance_0120,100120-0,COC(=O)c1ccc(O)cc1C,Sensitizer (Cat. 1A/1B),81.5,132.7,-6.39,84.6,Sensitizer (Cat. 1A/1B),✅ Concordant
Reference_Substance_0121,100121-0,Cc1ccccc1C=CC=O,Non-Sensitizer,82.4,263.2,-5.39,68.0,Sensitizer (Cat. 1A/1B),⚠️ Discordant (Assay Variance)
Reference_Substance_0122,100122-0,C=OC,Sensitizer (Cat. 1A/1B),45.0,197.1,-5.49,20.5,Sensitizer (Cat. 1A/1B),✅ Concordant
Reference_Substance_0123,100123-0,CCC=CC=O,Non-Sensitizer,95.9,16.1,-7.31,46.5,Sensitizer (Cat. 1A/1B),✅ Concordant
Reference_Substance_0124,100124-0,C=CCc1ccc(O)c(OC)c1C,Sensitizer (Cat. 1A/1B),34.2,179.6,-6.22,80.8,Non-Sensitizer,⚠️ Discordant (Assay Variance)
Reference_Substance_0125,100125-0,CCC(C)=CCCC(C)=CCO,Non-Sensitizer,77.9,410.5,-2.58,76.6,Non-Sensitizer,✅ Concordant
Reference_Substance_0126,100126-0,CC(CCCC(C)(C)O)CC=OC,Sensitizer (Cat. 1A/1B),99.5,153.7,-7.28,59.3,Non-Sensitizer,✅ Concordant
Reference_Substance_0127,100127-0,O=c1ccoc2ccccc12C,Non-Sensitizer,43.2,13.3,-5.01,25.5,Sensitizer (Cat. 1A/1B),⚠️ Discordant (Assay Variance)
Reference_Substance_0128,100128-0,Cc1ccccc1COCCO,Sensitizer (Cat. 1A/1B),52.5,385.8,-8.32,10.8,Non-Sensitizer,✅ Concordant
Reference_Substance_0129,100129-0,COCC(O)CO,Non-Sensitizer,67.2,56.2,-4.76,69.1,Sensitizer (Cat. 1A/1B),✅ Concordant
Reference_Substance_0130,100130-0,COC(=O)c1ccc(O)cc1C,Sensitizer (Cat. 1A/1B),53.9,74.8,-6.87,82.6,Sensitizer (Cat. 1A/1B),⚠️ Discordant (Assay Variance)
Reference_Substance_0131,100131-0,Cc1ccccc1C=CC=O,Non-Sensitizer,30.9,45.0,-5.32,86.3,Non-Sensitizer,✅ Concordant
Reference_Substance_0132,100132-0,C=OC,Sensitizer (Cat. 1A/1B),66.5,100.2,-7.35,45.3,Sensitizer (Cat. 1A/1B),✅ Concordant
Reference_Substance_0133,100133-0,CCC=CC=O,Non-Sensitizer,41.6,353.4,-5.45,84.6,Non-Sensitizer,⚠️ Discordant (Assay Variance)
Reference_Substance_0134,100134-0,C=CCc1ccc(O)c(OC)c1C,Sensitizer (Cat. 1A/1B),75.4,183.2,-6.89,46.4,Sensitizer (Cat. 1A/1B),✅ Concordant
Reference_Substance_0135,100135-0,CCC(C)=CCCC(C)=CCO,Non-Sensitizer,44.8,57.3,-6.66,74.1,Non-Sensitizer,✅ Concordant
Reference_Substance_0136,100136-0,CC(CCCC(C)(C)O)CC=OC,Sensitizer (Cat. 1A/1B),99.1,525.6,-5.27,49.3,Sensitizer (Cat. 1A/1B),⚠️ Discordant (Assay Variance)
Reference_Substance_0137,100137-0,O=c1ccoc2ccccc12C,Non-Sensitizer,47.8,529.2,-6.32,39.2,Non-Sensitizer,✅ Concordant
Reference_Substance_0138,100138-0,Cc1ccccc1COCCO,Sensitizer (Cat. 1A/1B),57.9,511.2,-5.34,37.9,Non-Sensitizer,✅ Concordant
Reference_Substance_0139,100139-0,COCC(O)CO,Non-Sensitizer,82.9,68.2,-6.03,80.0,Non-Sensitizer,⚠️ Discordant (Assay Variance)
Reference_Substance_0140,100140-0,COC(=O)c1ccc(O)cc1C,Sensitizer (Cat. 1A/1B),37.9,150.0,-5.72,37.3,Non-Sensitizer,✅ Concordant
Reference_Substance_0141,100141-0,Cc1ccccc1C=CC=O,Non-Sensitizer,70.0,1049.8,-5.27,49.0,Sensitizer (Cat. 1A/1B),✅ Concordant
Reference_Substance_0142,100142-0,C=OC,Sensitizer (Cat. 1A/1B),93.8,369.6,-6.22,28.4,Non-Sensitizer,⚠️ Discordant (Assay Variance)
Reference_Substance_0143,100143-0,CCC=CC=O,Non-Sensitizer,29.6,6.9,-7.0,76.6,Non-Sensitizer,✅ Concordant
Reference_Substance_0144,100144-0,C=CCc1ccc(O)c(OC)c1C,Sensitizer (Cat. 1A/1B),69.1,16.9,-6.44,56.2,Sensitizer (Cat. 1A/1B),✅ Concordant
Reference_Substance_0145,100145-0,CCC(C)=CCCC(C)=CCO,Non-Sensitizer,70.7,155.9,-4.37,2.8,Sensitizer (Cat. 1A/1B),⚠️ Discordant (Assay Variance)
Reference_Substance_0146,100146-0,CC(CCCC(C)(C)O)CC=OC,Sensitizer (Cat. 1A/1B),82.2,599.8,-5.66,22.8,Non-Sensitizer,✅ Concordant
Reference_Substance_0147,100147-0,O=c1ccoc2ccccc12C,Non-Sensitizer,37.8,193.4,-6.81,76.1,Non-Sensitizer,✅ Concordant
Reference_Substance_0148,100148-0,Cc1ccccc1COCCO,Sensitizer (Cat. 1A/1B),35.9,172.2,-5.32,22.3,Non-Sensitizer,⚠️ Discordant (Assay Variance)
Reference_Substance_0149,100149-0,COCC(O)CO,Non-Sensitizer,76.5,27.9,-5.24,66.8,Sensitizer (Cat. 1A/1B),✅ Concordant
Reference_Substance_0150,100150-0,COC(=O)c1ccc(O)cc1C,Sensitizer (Cat. 1A/1B),71.5,267.3,-5.18,24.0,Non-Sensitizer,✅ Concordant
Reference_Substance_0151,100151-0,Cc1ccccc1C=CC=O,Non-Sensitizer,70.5,431.6,-6.97,69.9,Non-Sensitizer,⚠️ Discordant (Assay Variance)
Reference_Substance_0152,100152-0,C=OC,Sensitizer (Cat. 1A/1B),72.6,119.7,-6.62,38.0,Sensitizer (Cat. 1A/1B),✅ Concordant
Reference_Substance_0153,100153-0,CCC=CC=O,Non-Sensitizer,50.0,373.6,-6.61,23.5,Sensitizer (Cat. 1A/1B),✅ Concordant
Reference_Substance_0154,100154-0,C=CCc1ccc(O)c(OC)c1C,Sensitizer (Cat. 1A/1B),70.1,834.4,-6.23,20.1,Non-Sensitizer,⚠️ Discordant (Assay Variance)
Reference_Substance_0155,100155-0,CCC(C)=CCCC(C)=CCO,Non-Sensitizer,71.4,57.0,-5.15,58.4,Non-Sensitizer,✅ Concordant
Reference_Substance_0156,100156-0,CC(CCCC(C)(C)O)CC=OC,Sensitizer (Cat. 1A/1B),49.3,185.2,-5.44,16.3,Non-Sensitizer,✅ Concordant
Reference_Substance_0157,100157-0,O=c1ccoc2ccccc12C,Non-Sensitizer,99.5,84.6,-5.35,49.5,Sensitizer (Cat. 1A/1B),⚠️ Discordant (Assay Variance)
Reference_Substance_0158,100158-0,Cc1ccccc1COCCO,Sensitizer (Cat. 1A/1B),75.4,393.6,-4.18,76.3,Non-Sensitizer,✅ Concordant
Reference_Substance_0159,100159-0,COCC(O)CO,Non-Sensitizer,38.8,215.4,-4.97,25.6,Non-Sensitizer,✅ Concordant
Reference_Substance_0160,100160-0,COC(=O)c1ccc(O)cc1C,Sensitizer (Cat. 1A/1B),79.4,251.7,-5.97,14.4,Non-Sensitizer,⚠️ Discordant (Assay Variance)
Reference_Substance_0161,100161-0,Cc1ccccc1C=CC=O,Non-Sensitizer,43.6,399.8,-7.22,40.6,Sensitizer (Cat. 1A/1B),✅ Concordant
Reference_Substance_0162,100162-0,C=OC,Sensitizer (Cat. 1A/1B),82.3,126.0,-6.66,41.5,Non-Sensitizer,✅ Concordant
Reference_Substance_0163,100163-0,CCC=CC=O,Non-Sensitizer,90.5,616.5,-6.11,51.7,Sensitizer (Cat. 1A/1B),⚠️ Discordant (Assay Variance)
Reference_Substance_0164,100164-0,C=CCc1ccc(O)c(OC)c1C,Sensitizer (Cat. 1A/1B),46.9,190.4,-4.81,83.3,Non-Sensitizer,✅ Concordant
Reference_Substance_0165,100165-0,CCC(C)=CCCC(C)=CCO,Non-Sensitizer,86.2,43.0,-5.83,48.8,Sensitizer (Cat. 1A/1B),✅ Concordant
Reference_Substance_0166,100166-0,CC(CCCC(C)(C)O)CC=OC,Sensitizer (Cat. 1A/1B),74.1,297.6,-6.59,78.5,Non-Sensitizer,⚠️ Discordant (Assay Variance)
Reference_Substance_0167,100167-0,O=c1ccoc2ccccc12C,Non-Sensitizer,83.1,394.1,-6.68,20.5,Sensitizer (Cat. 1A/1B),✅ Concordant
Reference_Substance_0168,100168-0,Cc1ccccc1COCCO,Sensitizer (Cat. 1A/1B),99.5,95.2,-5.88,35.6,Non-Sensitizer,✅ Concordant
Reference_Substance_0169,100169-0,COCC(O)CO,Non-Sensitizer,59.6,486.5,-4.73,16.5,Non-Sensitizer,⚠️ Discordant (Assay Variance)
Reference_Substance_0170,100170-0,COC(=O)c1ccc(O)cc1C,Sensitizer (Cat. 1A/1B),48.4,591.5,-3.89,77.5,Non-Sensitizer,✅ Concordant
Reference_Substance_0171,100171-0,Cc1ccccc1C=CC=O,Non-Sensitizer,45.4,81.1,-6.05,65.6,Sensitizer (Cat. 1A/1B),✅ Concordant
Reference_Substance_0172,100172-0,C=OC,Sensitizer (Cat. 1A/1B),47.1,1026.4,-5.85,45.9,Non-Sensitizer,⚠️ Discordant (Assay Variance)
Reference_Substance_0173,100173-0,CCC=CC=O,Non-Sensitizer,63.3,37.9,-7.26,39.7,Non-Sensitizer,✅ Concordant
Reference_Substance_0174,100174-0,C=CCc1ccc(O)c(OC)c1C,Sensitizer (Cat. 1A/1B),72.5,56.4,-3.47,28.1,Sensitizer (Cat. 1A/1B),✅ Concordant
Reference_Substance_0175,100175-0,CCC(C)=CCCC(C)=CCO,Non-Sensitizer,71.1,50.9,-7.48,66.3,Sensitizer (Cat. 1A/1B),⚠️ Discordant (Assay Variance)
Reference_Substance_0176,100176-0,CC(CCCC(C)(C)O)CC=OC,Sensitizer (Cat. 1A/1B),83.2,561.1,-4.39,65.0,Sensitizer (Cat. 1A/1B),✅ Concordant
Reference_Substance_0177,100177-0,O=c1ccoc2ccccc12C,Non-Sensitizer,65.3,265.5,-6.24,25.9,Non-Sensitizer,✅ Concordant
Reference_Substance_0178,100178-0,Cc1ccccc1COCCO,Sensitizer (Cat. 1A/1B),97.0,41.2,-6.52,48.3,Sensitizer (Cat. 1A/1B),⚠️ Discordant (Assay Variance)
Reference_Substance_0179,100179-0,COCC(O)CO,Non-Sensitizer,59.2,145.1,-7.13,58.7,Sensitizer (Cat. 1A/1B),✅ Concordant
Reference_Substance_0180,100180-0,COC(=O)c1ccc(O)cc1C,Sensitizer (Cat. 1A/1B),99.5,238.8,-2.91,65.0,Sensitizer (Cat. 1A/1B),✅ Concordant
Reference_Substance_0181,100181-0,Cc1ccccc1C=CC=O,Non-Sensitizer,78.8,21.8,-5.53,77.7,Sensitizer (Cat. 1A/1B),⚠️ Discordant (Assay Variance)
Reference_Substance_0182,100182-0,C=OC,Sensitizer (Cat. 1A/1B),46.1,535.2,-5.77,38.4,Non-Sensitizer,✅ Concordant
Reference_Substance_0183,100183-0,CCC=CC=O,Non-Sensitizer,41.4,406.9,-4.74,36.4,Non-Sensitizer,✅ Concordant
Reference_Substance_0184,100184-0,C=CCc1ccc(O)c(OC)c1C,Sensitizer (Cat. 1A/1B),75.6,175.9,-6.58,68.3,Sensitizer (Cat. 1A/1B),⚠️ Discordant (Assay Variance)
Reference_Substance_0185,100185-0,CCC(C)=CCCC(C)=CCO,Non-Sensitizer,60.1,853.8,-5.8,91.0,Sensitizer (Cat. 1A/1B),✅ Concordant
Reference_Substance_0186,100186-0,CC(CCCC(C)(C)O)CC=OC,Sensitizer (Cat. 1A/1B),80.7,135.2,-5.73,49.5,Sensitizer (Cat. 1A/1B),✅ Concordant
Reference_Substance_0187,100187-0,O=c1ccoc2ccccc12C,Non-Sensitizer,75.4,1035.5,-6.41,73.5,Non-Sensitizer,⚠️ Discordant (Assay Variance)
Reference_Substance_0188,100188-0,Cc1ccccc1COCCO,Sensitizer (Cat. 1A/1B),63.4,275.6,-4.36,46.0,Sensitizer (Cat. 1A/1B),✅ Concordant
Reference_Substance_0189,100189-0,COCC(O)CO,Non-Sensitizer,46.4,251.7,-6.06,32.9,Non-Sensitizer,✅ Concordant
Reference_Substance_0190,100190-0,COC(=O)c1ccc(O)cc1C,Sensitizer (Cat. 1A/1B),31.7,45.4,-7.66,66.1,Sensitizer (Cat. 1A/1B),⚠️ Discordant (Assay Variance)
Reference_Substance_0191,100191-0,Cc1ccccc1C=CC=O,Non-Sensitizer,55.2,534.1,-6.16,69.1,Non-Sensitizer,✅ Concordant
Reference_Substance_0192,100192-0,C=OC,Sensitizer (Cat. 1A/1B),83.8,139.4,-5.5,65.9,Non-Sensitizer,✅ Concordant
Reference_Substance_0193,100193-0,CCC=CC=O,Non-Sensitizer,69.7,44.3,-6.87,34.7,Sensitizer (Cat. 1A/1B),⚠️ Discordant (Assay Variance)
Reference_Substance_0194,100194-0,C=CCc1ccc(O)c(OC)c1C,Sensitizer (Cat. 1A/1B),37.6,5.0,-6.78,65.6,Sensitizer (Cat. 1A/1B),✅ Concordant
Reference_Substance_0195,100195-0,CCC(C)=CCCC(C)=CCO,Non-Sensitizer,68.8,205.1,-6.46,38.1,Sensitizer (Cat. 1A/1B),✅ Concordant
Reference_Substance_0196,100196-0,CC(CCCC(C)(C)O)CC=OC,Sensitizer (Cat. 1A/1B),73.5,187.4,-4.33,94.5,Sensitizer (Cat. 1A/1B),⚠️ Discordant (Assay Variance)
Reference_Substance_0197,100197-0,O=c1ccoc2ccccc12C,Non-Sensitizer,45.6,317.7,-6.38,66.6,Non-Sensitizer,✅ Concordant
Reference_Substance_0198,100198-0,Cc1ccccc1COCCO,Sensitizer (Cat. 1A/1B),68.4,552.4,-4.09,58.7,Sensitizer (Cat. 1A/1B),✅ Concordant
Reference_Substance_0199,100199-0,COCC(O)CO,Non-Sensitizer,66.3,20.7,-6.54,70.4,Non-Sensitizer,⚠️ Discordant (Assay Variance)
Reference_Substance_0200,100200-0,COC(=O)c1ccc(O)cc1C,Sensitizer (Cat. 1A/1B),39.9,328.7,-5.41,21.2,Non-Sensitizer,✅ Concordant
Reference_Substance_0201,100201-0,Cc1ccccc1C=CC=O,Non-Sensitizer,72.9,51.9,-6.34,66.6,Sensitizer (Cat. 1A/1B),✅ Concordant
Reference_Substance_0202,100202-0,C=OC,Sensitizer (Cat. 1A/1B),77.3,488.3,-4.9,53.9,Sensitizer (Cat. 1A/1B),⚠️ Discordant (Assay Variance)
Reference_Substance_0203,100203-0,CCC=CC=O,Non-Sensitizer,88.8,427.4,-7.14,58.1,Non-Sensitizer,✅ Concordant
Reference_Substance_0204,100204-0,C=CCc1ccc(O)c(OC)c1C,Sensitizer (Cat. 1A/1B),88.2,194.6,-4.91,42.8,Non-Sensitizer,✅ Concordant
Reference_Substance_0205,100205-0,CCC(C)=CCCC(C)=CCO,Non-Sensitizer,34.7,309.7,-5.66,57.1,Non-Sensitizer,⚠️ Discordant (Assay Variance)
Reference_Substance_0206,100206-0,CC(CCCC(C)(C)O)CC=OC,Sensitizer (Cat. 1A/1B),44.4,94.3,-6.57,10.0,Sensitizer (Cat. 1A/1B),✅ Concordant
Reference_Substance_0207,100207-0,O=c1ccoc2ccccc12C,Non-Sensitizer,76.3,159.3,-6.0,63.2,Non-Sensitizer,✅ Concordant
Reference_Substance_0208,100208-0,Cc1ccccc1COCCO,Sensitizer (Cat. 1A/1B),76.3,431.0,-3.96,73.8,Sensitizer (Cat. 1A/1B),⚠️ Discordant (Assay Variance)
Reference_Substance_0209,100209-0,COCC(O)CO,Non-Sensitizer,76.3,153.7,-5.63,67.4,Sensitizer (Cat. 1A/1B),✅ Concordant
Reference_Substance_0210,100210-0,COC(=O)c1ccc(O)cc1C,Sensitizer (Cat. 1A/1B),99.5,110.7,-6.64,64.0,Sensitizer (Cat. 1A/1B),✅ Concordant
Reference_Substance_0211,100211-0,Cc1ccccc1C=CC=O,Non-Sensitizer,77.6,170.4,-7.25,28.5,Non-Sensitizer,⚠️ Discordant (Assay Variance)
Reference_Substance_0212,100212-0,C=OC,Sensitizer (Cat. 1A/1B),90.0,440.4,-5.19,70.8,Non-Sensitizer,✅ Concordant
Reference_Substance_0213,100213-0,CCC=CC=O,Non-Sensitizer,86.0,102.1,-5.56,62.3,Sensitizer (Cat. 1A/1B),✅ Concordant
Reference_Substance_0214,100214-0,C=CCc1ccc(O)c(OC)c1C,Sensitizer (Cat. 1A/1B),79.3,47.7,-4.97,96.5,Non-Sensitizer,⚠️ Discordant (Assay Variance)
Reference_Substance_0215,100215-0,CCC(C)=CCCC(C)=CCO,Non-Sensitizer,58.1,311.2,-7.55,19.0,Non-Sensitizer,✅ Concordant
Reference_Substance_0216,100216-0,CC(CCCC(C)(C)O)CC=OC,Sensitizer (Cat. 1A/1B),81.7,437.1,-7.21,23.2,Non-Sensitizer,✅ Concordant
Reference_Substance_0217,100217-0,O=c1ccoc2ccccc12C,Non-Sensitizer,48.0,26.5,-4.42,50.9,Sensitizer (Cat. 1A/1B),⚠️ Discordant (Assay Variance)
Reference_Substance_0218,100218-0,Cc1ccccc1COCCO,Sensitizer (Cat. 1A/1B),59.8,68.6,-5.4,62.4,Sensitizer (Cat. 1A/1B),✅ Concordant
Reference_Substance_0219,100219-0,COCC(O)CO,Non-Sensitizer,54.3,38.3,-5.16,78.2,Sensitizer (Cat. 1A/1B),✅ Concordant
Reference_Substance_0220,100220-0,COC(=O)c1ccc(O)cc1C,Sensitizer (Cat. 1A/1B),66.8,106.9,-6.96,89.5,Sensitizer (Cat. 1A/1B),⚠️ Discordant (Assay Variance)
Reference_Substance_0221,100221-0,Cc1ccccc1C=CC=O,Non-Sensitizer,99.5,149.6,-6.98,28.8,Sensitizer (Cat. 1A/1B),✅ Concordant
Reference_Substance_0222,100222-0,C=OC,Sensitizer (Cat. 1A/1B),23.9,345.4,-4.61,27.2,Sensitizer (Cat. 1A/1B),✅ Concordant
Reference_Substance_0223,100223-0,CCC=CC=O,Non-Sensitizer,80.1,263.3,-4.55,46.2,Non-Sensitizer,⚠️ Discordant (Assay Variance)
Reference_Substance_0224,100224-0,C=CCc1ccc(O)c(OC)c1C,Sensitizer (Cat. 1A/1B),29.5,242.5,-7.11,25.4,Sensitizer (Cat. 1A/1B),✅ Concordant
Reference_Substance_0225,100225-0,CCC(C)=CCCC(C)=CCO,Non-Sensitizer,54.6,108.6,-7.34,45.8,Sensitizer (Cat. 1A/1B),✅ Concordant
Reference_Substance_0226,100226-0,CC(CCCC(C)(C)O)CC=OC,Sensitizer (Cat. 1A/1B),89.0,460.4,-5.93,38.2,Non-Sensitizer,⚠️ Discordant (Assay Variance)
Reference_Substance_0227,100227-0,O=c1ccoc2ccccc12C,Non-Sensitizer,66.4,159.3,-6.76,41.9,Non-Sensitizer,✅ Concordant
Reference_Substance_0228,100228-0,Cc1ccccc1COCCO,Sensitizer (Cat. 1A/1B),41.3,967.1,-6.78,36.9,Non-Sensitizer,✅ Concordant
Reference_Substance_0229,100229-0,COCC(O)CO,Non-Sensitizer,49.3,251.4,-7.3,20.6,Non-Sensitizer,⚠️ Discordant (Assay Variance)
Reference_Substance_0230,100230-0,COC(=O)c1ccc(O)cc1C,Sensitizer (Cat. 1A/1B),80.0,33.7,-6.36,76.7,Non-Sensitizer,✅ Concordant
Reference_Substance_0231,100231-0,Cc1ccccc1C=CC=O,Non-Sensitizer,48.9,281.9,-7.19,62.7,Sensitizer (Cat. 1A/1B),✅ Concordant
Reference_Substance_0232,100232-0,C=OC,Sensitizer (Cat. 1A/1B),69.8,98.3,-7.11,38.9,Sensitizer (Cat. 1A/1B),⚠️ Discordant (Assay Variance)
Reference_Substance_0233,100233-0,CCC=CC=O,Non-Sensitizer,66.0,289.9,-5.44,80.4,Non-Sensitizer,✅ Concordant
Reference_Substance_0234,100234-0,C=CCc1ccc(O)c(OC)c1C,Sensitizer (Cat. 1A/1B),50.7,18.0,-5.87,19.3,Sensitizer (Cat. 1A/1B),✅ Concordant
Reference_Substance_0235,100235-0,CCC(C)=CCCC(C)=CCO,Non-Sensitizer,99.5,48.1,-5.22,80.5,Non-Sensitizer,⚠️ Discordant (Assay Variance)
Reference_Substance_0236,100236-0,CC(CCCC(C)(C)O)CC=OC,Sensitizer (Cat. 1A/1B),78.9,484.0,-7.78,86.6,Sensitizer (Cat. 1A/1B),✅ Concordant
Reference_Substance_0237,100237-0,O=c1ccoc2ccccc12C,Non-Sensitizer,20.4,64.4,-5.79,43.3,Non-Sensitizer,✅ Concordant
Reference_Substance_0238,100238-0,Cc1ccccc1COCCO,Sensitizer (Cat. 1A/1B),69.1,453.6,-3.31,31.2,Sensitizer (Cat. 1A/1B),⚠️ Discordant (Assay Variance)
Reference_Substance_0239,100239-0,COCC(O)CO,Non-Sensitizer,50.4,81.9,-6.25,72.5,Non-Sensitizer,✅ Concordant
Reference_Substance_0240,100240-0,COC(=O)c1ccc(O)cc1C,Sensitizer (Cat. 1A/1B),83.8,257.4,-4.81,19.8,Non-Sensitizer,✅ Concordant
Reference_Substance_0241,100241-0,Cc1ccccc1C=CC=O,Non-Sensitizer,47.6,296.2,-4.82,58.9,Non-Sensitizer,⚠️ Discordant (Assay Variance)
Reference_Substance_0242,100242-0,C=OC,Sensitizer (Cat. 1A/1B),62.5,179.7,-4.76,21.6,Sensitizer (Cat. 1A/1B),✅ Concordant
Reference_Substance_0243,100243-0,CCC=CC=O,Non-Sensitizer,76.1,91.1,-5.6,71.9,Sensitizer (Cat. 1A/1B),✅ Concordant
Reference_Substance_0244,100244-0,C=CCc1ccc(O)c(OC)c1C,Sensitizer (Cat. 1A/1B),84.0,59.8,-5.12,12.5,Sensitizer (Cat. 1A/1B),⚠️ Discordant (Assay Variance)
Reference_Substance_0245,100245-0,CCC(C)=CCCC(C)=CCO,Non-Sensitizer,38.6,8.4,-4.96,60.2,Non-Sensitizer,✅ Concordant
Reference_Substance_0246,100246-0,CC(CCCC(C)(C)O)CC=OC,Sensitizer (Cat. 1A/1B),57.6,90.6,-5.04,35.2,Non-Sensitizer,✅ Concordant
Reference_Substance_0247,100247-0,O=c1ccoc2ccccc12C,Non-Sensitizer,54.6,264.7,-7.14,66.2,Non-Sensitizer,⚠️ Discordant (Assay Variance)
Reference_Substance_0248,100248-0,Cc1ccccc1COCCO,Sensitizer (Cat. 1A/1B),50.6,696.4,-7.85,41.7,Sensitizer (Cat. 1A/1B),✅ Concordant
Reference_Substance_0249,100249-0,COCC(O)CO,Non-Sensitizer,99.5,512.4,-7.66,53.4,Sensitizer (Cat. 1A/1B),✅ Concordant
Reference_Substance_0250,100250-0,COC(=O)c1ccc(O)cc1C,Sensitizer (Cat. 1A/1B),73.9,363.2,-6.12,64.9,Non-Sensitizer,⚠️ Discordant (Assay Variance)
Reference_Substance_0251,100251-0,Cc1ccccc1C=CC=O,Non-Sensitizer,37.3,388.3,-5.09,42.5,Sensitizer (Cat. 1A/1B),✅ Concordant
Reference_Substance_0252,100252-0,C=OC,Sensitizer (Cat. 1A/1B),85.2,273.4,-7.13,36.8,Sensitizer (Cat. 1A/1B),✅ Concordant
Reference_Substance_0253,100253-0,CCC=CC=O,Non-Sensitizer,99.5,75.4,-4.69,74.6,Sensitizer (Cat. 1A/1B),⚠️ Discordant (Assay Variance)
Reference_Substance_0254,100254-0,C=CCc1ccc(O)c(OC)c1C,Sensitizer (Cat. 1A/1B),87.7,594.3,-6.4,61.6,Non-Sensitizer,✅ Concordant
Reference_Substance_0255,100255-0,CCC(C)=CCCC(C)=CCO,Non-Sensitizer,31.6,277.7,-6.39,38.2,Sensitizer (Cat. 1A/1B),✅ Concordant
Reference_Substance_0256,100256-0,CC(CCCC(C)(C)O)CC=OC,Sensitizer (Cat. 1A/1B),54.3,205.5,-6.8,63.8,Sensitizer (Cat. 1A/1B),⚠️ Discordant (Assay Variance)
Reference_Substance_0257,100257-0,O=c1ccoc2ccccc12C,Non-Sensitizer,92.9,29.4,-8.06,27.1,Sensitizer (Cat. 1A/1B),✅ Concordant
Reference_Substance_0258,100258-0,Cc1ccccc1COCCO,Sensitizer (Cat. 1A/1B),49.4,148.1,-5.52,48.7,Sensitizer (Cat. 1A/1B),✅ Concordant
Reference_Substance_0259,100259-0,COCC(O)CO,Non-Sensitizer,74.8,154.2,-3.74,40.7,Sensitizer (Cat. 1A/1B),⚠️ Discordant (Assay Variance)
Reference_Substance_0260,100260-0,COC(=O)c1ccc(O)cc1C,Sensitizer (Cat. 1A/1B),82.0,499.8,-5.88,28.6,Non-Sensitizer,✅ Concordant
Reference_Substance_0261,100261-0,Cc1ccccc1C=CC=O,Non-Sensitizer,44.6,197.8,-8.02,52.5,Sensitizer (Cat. 1A/1B),✅ Concordant
Reference_Substance_0262,100262-0,C=OC,Sensitizer (Cat. 1A/1B),63.7,119.7,-4.86,25.5,Non-Sensitizer,⚠️ Discordant (Assay Variance)
Reference_Substance_0263,100263-0,CCC=CC=O,Non-Sensitizer,2.0,940.9,-7.75,83.9,Non-Sensitizer,✅ Concordant
Reference_Substance_0264,100264-0,C=CCc1ccc(O)c(OC)c1C,Sensitizer (Cat. 1A/1B),42.5,29.3,-7.25,19.1,Non-Sensitizer,✅ Concordant
Reference_Substance_0265,100265-0,CCC(C)=CCCC(C)=CCO,Non-Sensitizer,59.4,137.3,-6.09,85.6,Non-Sensitizer,⚠️ Discordant (Assay Variance)
Reference_Substance_0266,100266-0,CC(CCCC(C)(C)O)CC=OC,Sensitizer (Cat. 1A/1B),37.5,10.7,-5.65,25.3,Non-Sensitizer,✅ Concordant
Reference_Substance_0267,100267-0,O=c1ccoc2ccccc12C,Non-Sensitizer,99.5,336.7,-7.01,74.1,Non-Sensitizer,✅ Concordant
Reference_Substance_0268,100268-0,Cc1ccccc1COCCO,Sensitizer (Cat. 1A/1B),33.5,625.5,-6.13,15.4,Sensitizer (Cat. 1A/1B),⚠️ Discordant (Assay Variance)
Reference_Substance_0269,100269-0,COCC(O)CO,Non-Sensitizer,55.3,82.1,-4.94,39.5,Sensitizer (Cat. 1A/1B),✅ Concordant
Reference_Substance_0270,100270-0,COC(=O)c1ccc(O)cc1C,Sensitizer (Cat. 1A/1B),67.9,488.6,-4.78,85.8,Sensitizer (Cat. 1A/1B),✅ Concordant
Reference_Substance_0271,100271-0,Cc1ccccc1C=CC=O,Non-Sensitizer,96.7,86.4,-4.3,96.0,Sensitizer (Cat. 1A/1B),⚠️ Discordant (Assay Variance)
Reference_Substance_0272,100272-0,C=OC,Sensitizer (Cat. 1A/1B),33.4,604.1,-3.51,54.1,Non-Sensitizer,✅ Concordant
Reference_Substance_0273,100273-0,CCC=CC=O,Non-Sensitizer,90.6,350.6,-4.83,63.4,Sensitizer (Cat. 1A/1B),✅ Concordant
Reference_Substance_0274,100274-0,C=CCc1ccc(O)c(OC)c1C,Sensitizer (Cat. 1A/1B),65.2,408.6,-6.06,67.2,Sensitizer (Cat. 1A/1B),⚠️ Discordant (Assay Variance)
Reference_Substance_0275,100275-0,CCC(C)=CCCC(C)=CCO,Non-Sensitizer,43.4,5.0,-4.77,24.4,Sensitizer (Cat. 1A/1B),✅ Concordant
Reference_Substance_0276,100276-0,CC(CCCC(C)(C)O)CC=OC,Sensitizer (Cat. 1A/1B),75.2,822.9,-5.24,46.9,Non-Sensitizer,✅ Concordant
Reference_Substance_0277,100277-0,O=c1ccoc2ccccc12C,Non-Sensitizer,69.4,324.3,-5.19,58.0,Sensitizer (Cat. 1A/1B),⚠️ Discordant (Assay Variance)
Reference_Substance_0278,100278-0,Cc1ccccc1COCCO,Sensitizer (Cat. 1A/1B),51.8,90.9,-5.59,7.1,Non-Sensitizer,✅ Concordant
Reference_Substance_0279,100279-0,COCC(O)CO,Non-Sensitizer,66.5,442.1,-6.89,61.5,Non-Sensitizer,✅ Concordant
Reference_Substance_0280,100280-0,COC(=O)c1ccc(O)cc1C,Sensitizer (Cat. 1A/1B),56.5,82.7,-7.03,22.5,Non-Sensitizer,⚠️ Discordant (Assay Variance)
Reference_Substance_0281,100281-0,Cc1ccccc1C=CC=O,Non-Sensitizer,67.5,515.4,-5.92,23.2,Non-Sensitizer,✅ Concordant
Reference_Substance_0282,100282-0,C=OC,Sensitizer (Cat. 1A/1B),79.6,29.9,-5.62,32.5,Non-Sensitizer,✅ Concordant
Reference_Substance_0283,100283-0,CCC=CC=O,Non-Sensitizer,99.5,304.1,-6.62,68.0,Non-Sensitizer,⚠️ Discordant (Assay Variance)
Reference_Substance_0284,100284-0,C=CCc1ccc(O)c(OC)c1C,Sensitizer (Cat. 1A/1B),37.8,194.5,-5.29,31.5,Sensitizer (Cat. 1A/1B),✅ Concordant
Reference_Substance_0285,100285-0,CCC(C)=CCCC(C)=CCO,Non-Sensitizer,99.5,25.4,-3.3,74.2,Sensitizer (Cat. 1A/1B),✅ Concordant
Reference_Substance_0286,100286-0,CC(CCCC(C)(C)O)CC=OC,Sensitizer (Cat. 1A/1B),22.1,69.2,-7.89,66.8,Sensitizer (Cat. 1A/1B),⚠️ Discordant (Assay Variance)
Reference_Substance_0287,100287-0,O=c1ccoc2ccccc12C,Non-Sensitizer,61.7,5.0,-5.1,78.2,Sensitizer (Cat. 1A/1B),✅ Concordant
Reference_Substance_0288,100288-0,Cc1ccccc1COCCO,Sensitizer (Cat. 1A/1B),77.9,158.1,-5.88,35.1,Non-Sensitizer,✅ Concordant
Reference_Substance_0289,100289-0,COCC(O)CO,Non-Sensitizer,71.2,89.6,-5.26,44.0,Sensitizer (Cat. 1A/1B),⚠️ Discordant (Assay Variance)
Reference_Substance_0290,100290-0,COC(=O)c1ccc(O)cc1C,Sensitizer (Cat. 1A/1B),51.3,228.0,-6.32,28.9,Non-Sensitizer,✅ Concordant
Reference_Substance_0291,100291-0,Cc1ccccc1C=CC=O,Non-Sensitizer,60.4,88.2,-5.98,25.2,Non-Sensitizer,✅ Concordant
Reference_Substance_0292,100292-0,C=OC,Sensitizer (Cat. 1A/1B),54.2,89.1,-5.64,90.1,Sensitizer (Cat. 1A/1B),⚠️ Discordant (Assay Variance)
Reference_Substance_0293,100293-0,CCC=CC=O,Non-Sensitizer,52.0,339.9,-6.16,53.0,Non-Sensitizer,✅ Concordant
Reference_Substance_0294,100294-0,C=CCc1ccc(O)c(OC)c1C,Sensitizer (Cat. 1A/1B),83.7,12.3,-7.62,29.0,Sensitizer (Cat. 1A/1B),✅ Concordant
Reference_Substance_0295,100295-0,CCC(C)=CCCC(C)=CCO,Non-Sensitizer,72.9,583.0,-6.08,26.3,Sensitizer (Cat. 1A/1B),⚠️ Discordant (Assay Variance)
Reference_Substance_0296,100296-0,CC(CCCC(C)(C)O)CC=OC,Sensitizer (Cat. 1A/1B),49.8,478.1,-7.5,40.1,Non-Sensitizer,✅ Concordant
Reference_Substance_0297,100297-0,O=c1ccoc2ccccc12C,Non-Sensitizer,84.8,275.5,-5.02,73.7,Sensitizer (Cat. 1A/1B),✅ Concordant
Reference_Substance_0298,100298-0,Cc1ccccc1COCCO,Sensitizer (Cat. 1A/1B),71.8,224.9,-8.04,85.2,Non-Sensitizer,⚠️ Discordant (Assay Variance)
Reference_Substance_0299,100299-0,COCC(O)CO,Non-Sensitizer,82.9,557.1,-4.57,94.0,Sensitizer (Cat. 1A/1B),✅ Concordant
Reference_Substance_0300,100300-0,COC(=O)c1ccc(O)cc1C,Sensitizer (Cat. 1A/1B),78.9,51.2,-5.28,81.2,Sensitizer (Cat. 1A/1B),✅ Concordant
Reference_Substance_0301,100301-0,Cc1ccccc1C=CC=O,Non-Sensitizer,46.8,20.6,-5.28,43.9,Non-Sensitizer,⚠️ Discordant (Assay Variance)
Reference_Substance_0302,100302-0,C=OC,Sensitizer (Cat. 1A/1B),52.7,68.4,-8.4,90.0,Sensitizer (Cat. 1A/1B),✅ Concordant
Reference_Substance_0303,100303-0,CCC=CC=O,Non-Sensitizer,81.4,395.7,-6.19,17.2,Non-Sensitizer,✅ Concordant
Reference_Substance_0304,100304-0,C=CCc1ccc(O)c(OC)c1C,Sensitizer (Cat. 1A/1B),78.4,8.8,-4.42,46.7,Non-Sensitizer,⚠️ Discordant (Assay Variance)
Reference_Substance_0305,100305-0,CCC(C)=CCCC(C)=CCO,Non-Sensitizer,64.5,218.6,-6.42,46.0,Non-Sensitizer,✅ Concordant
Reference_Substance_0306,100306-0,CC(CCCC(C)(C)O)CC=OC,Sensitizer (Cat. 1A/1B),67.6,1347.5,-7.09,30.8,Sensitizer (Cat. 1A/1B),✅ Concordant
Reference_Substance_0307,100307-0,O=c1ccoc2ccccc12C,Non-Sensitizer,93.1,484.0,-6.56,13.7,Non-Sensitizer,⚠️ Discordant (Assay Variance)
Reference_Substance_0308,100308-0,Cc1ccccc1COCCO,Sensitizer (Cat. 1A/1B),52.0,184.2,-5.88,22.3,Sensitizer (Cat. 1A/1B),✅ Concordant
Reference_Substance_0309,100309-0,COCC(O)CO,Non-Sensitizer,77.0,16.4,-6.82,85.7,Sensitizer (Cat. 1A/1B),✅ Concordant
Reference_Substance_0310,100310-0,COC(=O)c1ccc(O)cc1C,Sensitizer (Cat. 1A/1B),60.6,445.0,-4.32,37.7,Non-Sensitizer,⚠️ Discordant (Assay Variance)
Reference_Substance_0311,100311-0,Cc1ccccc1C=CC=O,Non-Sensitizer,60.2,228.4,-5.88,67.9,Non-Sensitizer,✅ Concordant
Reference_Substance_0312,100312-0,C=OC,Sensitizer (Cat. 1A/1B),89.2,30.5,-6.47,19.5,Non-Sensitizer,✅ Concordant
Reference_Substance_0313,100313-0,CCC=CC=O,Non-Sensitizer,83.2,24.6,-7.36,68.1,Non-Sensitizer,⚠️ Discordant (Assay Variance)
Reference_Substance_0314,100314-0,C=CCc1ccc(O)c(OC)c1C,Sensitizer (Cat. 1A/1B),82.9,601.0,-5.22,18.2,Sensitizer (Cat. 1A/1B),✅ Concordant
Reference_Substance_0315,100315-0,CCC(C)=CCCC(C)=CCO,Non-Sensitizer,93.7,276.6,-5.25,29.1,Sensitizer (Cat. 1A/1B),✅ Concordant
Reference_Substance_0316,100316-0,CC(CCCC(C)(C)O)CC=OC,Sensitizer (Cat. 1A/1B),65.5,441.9,-6.75,37.8,Sensitizer (Cat. 1A/1B),⚠️ Discordant (Assay Variance)
Reference_Substance_0317,100317-0,O=c1ccoc2ccccc12C,Non-Sensitizer,80.0,527.9,-8.48,48.7,Non-Sensitizer,✅ Concordant
Reference_Substance_0318,100318-0,Cc1ccccc1COCCO,Sensitizer (Cat. 1A/1B),58.2,212.0,-5.31,33.9,Sensitizer (Cat. 1A/1B),✅ Concordant
Reference_Substance_0319,100319-0,COCC(O)CO,Non-Sensitizer,72.1,182.2,-6.02,23.6,Sensitizer (Cat. 1A/1B),⚠️ Discordant (Assay Variance)
Reference_Substance_0320,100320-0,COC(=O)c1ccc(O)cc1C,Sensitizer (Cat. 1A/1B),62.1,140.7,-5.4,24.9,Sensitizer (Cat. 1A/1B),✅ Concordant
Reference_Substance_0321,100321-0,Cc1ccccc1C=CC=O,Non-Sensitizer,67.1,95.3,-3.45,72.8,Sensitizer (Cat. 1A/1B),✅ Concordant
Reference_Substance_0322,100322-0,C=OC,Sensitizer (Cat. 1A/1B),78.1,142.6,-5.83,25.5,Sensitizer (Cat. 1A/1B),⚠️ Discordant (Assay Variance)
Reference_Substance_0323,100323-0,CCC=CC=O,Non-Sensitizer,47.0,371.7,-6.42,48.8,Sensitizer (Cat. 1A/1B),✅ Concordant
Reference_Substance_0324,100324-0,C=CCc1ccc(O)c(OC)c1C,Sensitizer (Cat. 1A/1B),99.5,230.3,-7.18,32.6,Sensitizer (Cat. 1A/1B),✅ Concordant
Reference_Substance_0325,100325-0,CCC(C)=CCCC(C)=CCO,Non-Sensitizer,42.9,557.6,-6.17,45.8,Sensitizer (Cat. 1A/1B),⚠️ Discordant (Assay Variance)
Reference_Substance_0326,100326-0,CC(CCCC(C)(C)O)CC=OC,Sensitizer (Cat. 1A/1B),38.3,146.5,-5.61,37.1,Non-Sensitizer,✅ Concordant
Reference_Substance_0327,100327-0,O=c1ccoc2ccccc12C,Non-Sensitizer,90.5,233.5,-5.74,74.5,Sensitizer (Cat. 1A/1B),✅ Concordant
Reference_Substance_0328,100328-0,Cc1ccccc1COCCO,Sensitizer (Cat. 1A/1B),82.4,249.4,-3.73,30.4,Non-Sensitizer,⚠️ Discordant (Assay Variance)
Reference_Substance_0329,100329-0,COCC(O)CO,Non-Sensitizer,78.7,223.9,-5.2,64.8,Sensitizer (Cat. 1A/1B),✅ Concordant
Reference_Substance_0330,100330-0,COC(=O)c1ccc(O)cc1C,Sensitizer (Cat. 1A/1B),78.8,303.2,-5.96,64.6,Sensitizer (Cat. 1A/1B),✅ Concordant
Reference_Substance_0331,100331-0,Cc1ccccc1C=CC=O,Non-Sensitizer,64.7,67.8,-6.65,71.9,Sensitizer (Cat. 1A/1B),⚠️ Discordant (Assay Variance)
Reference_Substance_0332,100332-0,C=OC,Sensitizer (Cat. 1A/1B),45.3,179.5,-5.48,89.9,Non-Sensitizer,✅ Concordant
Reference_Substance_0333,100333-0,CCC=CC=O,Non-Sensitizer,66.7,27.5,-6.89,33.6,Sensitizer (Cat. 1A/1B),✅ Concordant
Reference_Substance_0334,100334-0,C=CCc1ccc(O)c(OC)c1C,Sensitizer (Cat. 1A/1B),50.1,121.3,-5.58,68.0,Sensitizer (Cat. 1A/1B),⚠️ Discordant (Assay Variance)
Reference_Substance_0335,100335-0,CCC(C)=CCCC(C)=CCO,Non-Sensitizer,86.5,167.2,-5.22,80.2,Sensitizer (Cat. 1A/1B),✅ Concordant
Reference_Substance_0336,100336-0,CC(CCCC(C)(C)O)CC=OC,Sensitizer (Cat. 1A/1B),61.8,264.0,-6.06,68.5,Non-Sensitizer,✅ Concordant
Reference_Substance_0337,100337-0,O=c1ccoc2ccccc12C,Non-Sensitizer,46.8,751.6,-6.56,26.1,Sensitizer (Cat. 1A/1B),⚠️ Discordant (Assay Variance)
Reference_Substance_0338,100338-0,Cc1ccccc1COCCO,Sensitizer (Cat. 1A/1B),57.9,229.5,-8.42,78.2,Sensitizer (Cat. 1A/1B),✅ Concordant
Reference_Substance_0339,100339-0,COCC(O)CO,Non-Sensitizer,74.1,340.2,-4.43,62.9,Non-Sensitizer,✅ Concordant
Reference_Substance_0340,100340-0,COC(=O)c1ccc(O)cc1C,Sensitizer (Cat. 1A/1B),52.6,176.4,-5.32,36.6,Sensitizer (Cat. 1A/1B),⚠️ Discordant (Assay Variance)
Reference_Substance_0341,100341-0,Cc1ccccc1C=CC=O,Non-Sensitizer,46.9,251.4,-5.29,78.2,Non-Sensitizer,✅ Concordant
Reference_Substance_0342,100342-0,C=OC,Sensitizer (Cat. 1A/1B),70.4,18.4,-7.67,71.0,Sensitizer (Cat. 1A/1B),✅ Concordant
Reference_Substance_0343,100343-0,CCC=CC=O,Non-Sensitizer,70.4,73.4,-4.14,56.2,Non-Sensitizer,⚠️ Discordant (Assay Variance)
Reference_Substance_0344,100344-0,C=CCc1ccc(O)c(OC)c1C,Sensitizer (Cat. 1A/1B),53.8,112.3,-6.36,70.3,Sensitizer (Cat. 1A/1B),✅ Concordant
Reference_Substance_0345,100345-0,CCC(C)=CCCC(C)=CCO,Non-Sensitizer,54.6,159.9,-6.15,26.7,Non-Sensitizer,✅ Concordant
Reference_Substance_0346,100346-0,CC(CCCC(C)(C)O)CC=OC,Sensitizer (Cat. 1A/1B),70.1,11.7,-7.08,33.0,Sensitizer (Cat. 1A/1B),⚠️ Discordant (Assay Variance)
Reference_Substance_0347,100347-0,O=c1ccoc2ccccc12C,Non-Sensitizer,33.1,37.7,-7.94,47.1,Sensitizer (Cat. 1A/1B),✅ Concordant
Reference_Substance_0348,100348-0,Cc1ccccc1COCCO,Sensitizer (Cat. 1A/1B),34.0,81.0,-4.41,69.3,Non-Sensitizer,✅ Concordant
Reference_Substance_0349,100349-0,COCC(O)CO,Non-Sensitizer,49.2,889.7,-4.26,80.1,Non-Sensitizer,⚠️ Discordant (Assay Variance)
Reference_Substance_0350,100350-0,COC(=O)c1ccc(O)cc1C,Sensitizer (Cat. 1A/1B),60.3,100.6,-6.0,29.3,Non-Sensitizer,✅ Concordant
Reference_Substance_0351,100351-0,Cc1ccccc1C=CC=O,Non-Sensitizer,71.8,164.5,-6.62,36.5,Non-Sensitizer,✅ Concordant
Reference_Substance_0352,100352-0,C=OC,Sensitizer (Cat. 1A/1B),97.5,54.6,-6.25,31.1,Sensitizer (Cat. 1A/1B),⚠️ Discordant (Assay Variance)
Reference_Substance_0353,100353-0,CCC=CC=O,Non-Sensitizer,83.9,235.9,-6.22,95.9,Sensitizer (Cat. 1A/1B),✅ Concordant
Reference_Substance_0354,100354-0,C=CCc1ccc(O)c(OC)c1C,Sensitizer (Cat. 1A/1B),61.5,82.4,-7.24,16.0,Sensitizer (Cat. 1A/1B),✅ Concordant
Reference_Substance_0355,100355-0,CCC(C)=CCCC(C)=CCO,Non-Sensitizer,64.6,58.0,-6.15,8.1,Non-Sensitizer,⚠️ Discordant (Assay Variance)
Reference_Substance_0356,100356-0,CC(CCCC(C)(C)O)CC=OC,Sensitizer (Cat. 1A/1B),42.9,181.7,-5.62,85.1,Sensitizer (Cat. 1A/1B),✅ Concordant
Reference_Substance_0357,100357-0,O=c1ccoc2ccccc12C,Non-Sensitizer,64.6,5.0,-4.58,43.5,Sensitizer (Cat. 1A/1B),✅ Concordant
Reference_Substance_0358,100358-0,Cc1ccccc1COCCO,Sensitizer (Cat. 1A/1B),58.6,5.0,-5.78,35.6,Sensitizer (Cat. 1A/1B),⚠️ Discordant (Assay Variance)
Reference_Substance_0359,100359-0,COCC(O)CO,Non-Sensitizer,72.1,61.8,-7.69,28.6,Non-Sensitizer,✅ Concordant
Reference_Substance_0360,100360-0,COC(=O)c1ccc(O)cc1C,Sensitizer (Cat. 1A/1B),46.8,9.4,-5.38,29.9,Sensitizer (Cat. 1A/1B),✅ Concordant
Reference_Substance_0361,100361-0,Cc1ccccc1C=CC=O,Non-Sensitizer,76.4,28.6,-6.11,64.1,Non-Sensitizer,⚠️ Discordant (Assay Variance)
Reference_Substance_0362,100362-0,C=OC,Sensitizer (Cat. 1A/1B),98.7,103.4,-4.16,24.3,Non-Sensitizer,✅ Concordant
Reference_Substance_0363,100363-0,CCC=CC=O,Non-Sensitizer,62.6,405.6,-4.08,13.9,Sensitizer (Cat. 1A/1B),✅ Concordant
Reference_Substance_0364,100364-0,C=CCc1ccc(O)c(OC)c1C,Sensitizer (Cat. 1A/1B),73.8,212.2,-4.04,72.0,Sensitizer (Cat. 1A/1B),⚠️ Discordant (Assay Variance)
Reference_Substance_0365,100365-0,CCC(C)=CCCC(C)=CCO,Non-Sensitizer,80.2,179.7,-6.47,66.1,Non-Sensitizer,✅ Concordant
Reference_Substance_0366,100366-0,CC(CCCC(C)(C)O)CC=OC,Sensitizer (Cat. 1A/1B),56.2,86.9,-3.41,80.1,Non-Sensitizer,✅ Concordant
Reference_Substance_0367,100367-0,O=c1ccoc2ccccc12C,Non-Sensitizer,69.9,671.2,-5.38,33.4,Non-Sensitizer,⚠️ Discordant (Assay Variance)
Reference_Substance_0368,100368-0,Cc1ccccc1COCCO,Sensitizer (Cat. 1A/1B),65.3,126.5,-3.85,23.9,Non-Sensitizer,✅ Concordant
Reference_Substance_0369,100369-0,COCC(O)CO,Non-Sensitizer,67.1,22.8,-6.4,29.2,Non-Sensitizer,✅ Concordant
Reference_Substance_0370,100370-0,COC(=O)c1ccc(O)cc1C,Sensitizer (Cat. 1A/1B),48.0,240.0,-6.16,70.9,Non-Sensitizer,⚠️ Discordant (Assay Variance)
Reference_Substance_0371,100371-0,Cc1ccccc1C=CC=O,Non-Sensitizer,65.5,30.2,-5.47,40.8,Non-Sensitizer,✅ Concordant
Reference_Substance_0372,100372-0,C=OC,Sensitizer (Cat. 1A/1B),76.0,105.9,-5.62,22.9,Non-Sensitizer,✅ Concordant
Reference_Substance_0373,100373-0,CCC=CC=O,Non-Sensitizer,96.9,177.0,-4.29,43.8,Sensitizer (Cat. 1A/1B),⚠️ Discordant (Assay Variance)
Reference_Substance_0374,100374-0,C=CCc1ccc(O)c(OC)c1C,Sensitizer (Cat. 1A/1B),86.1,518.3,-6.08,38.0,Non-Sensitizer,✅ Concordant
Reference_Substance_0375,100375-0,CCC(C)=CCCC(C)=CCO,Non-Sensitizer,99.5,170.1,-4.4,20.5,Non-Sensitizer,✅ Concordant
Reference_Substance_0376,100376-0,CC(CCCC(C)(C)O)CC=OC,Sensitizer (Cat. 1A/1B),48.1,302.9,-4.92,87.0,Non-Sensitizer,⚠️ Discordant (Assay Variance)
Reference_Substance_0377,100377-0,O=c1ccoc2ccccc12C,Non-Sensitizer,84.2,1234.0,-6.06,62.1,Sensitizer (Cat. 1A/1B),✅ Concordant
Reference_Substance_0378,100378-0,Cc1ccccc1COCCO,Sensitizer (Cat. 1A/1B),69.0,35.2,-5.01,74.7,Sensitizer (Cat. 1A/1B),✅ Concordant
Reference_Substance_0379,100379-0,COCC(O)CO,Non-Sensitizer,99.5,80.3,-6.37,39.6,Non-Sensitizer,⚠️ Discordant (Assay Variance)
Reference_Substance_0380,100380-0,COC(=O)c1ccc(O)cc1C,Sensitizer (Cat. 1A/1B),47.2,125.5,-2.98,65.3,Non-Sensitizer,✅ Concordant
Reference_Substance_0381,100381-0,Cc1ccccc1C=CC=O,Non-Sensitizer,46.5,137.0,-9.0,66.9,Sensitizer (Cat. 1A/1B),✅ Concordant
Reference_Substance_0382,100382-0,C=OC,Sensitizer (Cat. 1A/1B),51.8,132.3,-4.99,33.7,Non-Sensitizer,⚠️ Discordant (Assay Variance)
Reference_Substance_0383,100383-0,CCC=CC=O,Non-Sensitizer,18.3,595.4,-7.92,21.5,Non-Sensitizer,✅ Concordant
Reference_Substance_0384,100384-0,C=CCc1ccc(O)c(OC)c1C,Sensitizer (Cat. 1A/1B),53.4,313.0,-6.07,10.4,Sensitizer (Cat. 1A/1B),✅ Concordant
Reference_Substance_0385,100385-0,CCC(C)=CCCC(C)=CCO,Non-Sensitizer,48.3,234.1,-5.9,45.1,Sensitizer (Cat. 1A/1B),⚠️ Discordant (Assay Variance)
Reference_Substance_0386,100386-0,CC(CCCC(C)(C)O)CC=OC,Sensitizer (Cat. 1A/1B),68.3,92.5,-3.99,63.4,Sensitizer (Cat. 1A/1B),✅ Concordant
Reference_Substance_0387,100387-0,O=c1ccoc2ccccc12C,Non-Sensitizer,72.5,434.0,-6.63,13.1,Sensitizer (Cat. 1A/1B),✅ Concordant
Reference_Substance_0388,100388-0,Cc1ccccc1COCCO,Sensitizer (Cat. 1A/1B),99.5,775.6,-4.23,65.0,Sensitizer (Cat. 1A/1B),⚠️ Discordant (Assay Variance)
Reference_Substance_0389,100389-0,COCC(O)CO,Non-Sensitizer,85.9,430.4,-7.21,33.7,Sensitizer (Cat. 1A/1B),✅ Concordant
Reference_Substance_0390,100390-0,COC(=O)c1ccc(O)cc1C,Sensitizer (Cat. 1A/1B),52.3,5.0,-4.18,61.7,Sensitizer (Cat. 1A/1B),✅ Concordant
Reference_Substance_0391,100391-0,Cc1ccccc1C=CC=O,Non-Sensitizer,45.2,252.9,-6.37,73.5,Non-Sensitizer,⚠️ Discordant (Assay Variance)
Reference_Substance_0392,100392-0,C=OC,Sensitizer (Cat. 1A/1B),75.8,13.1,-5.71,34.4,Sensitizer (Cat. 1A/1B),✅ Concordant
Reference_Substance_0393,100393-0,CCC=CC=O,Non-Sensitizer,36.0,74.5,-6.2,45.1,Non-Sensitizer,✅ Concordant
Reference_Substance_0394,100394-0,C=CCc1ccc(O)c(OC)c1C,Sensitizer (Cat. 1A/1B),99.5,15.3,-4.26,75.6,Non-Sensitizer,⚠️ Discordant (Assay Variance)
Reference_Substance_0395,100395-0,CCC(C)=CCCC(C)=CCO,Non-Sensitizer,90.9,231.5,-4.49,55.4,Sensitizer (Cat. 1A/1B),✅ Concordant
Reference_Substance_0396,100396-0,CC(CCCC(C)(C)O)CC=OC,Sensitizer (Cat. 1A/1B),54.7,290.1,-5.27,65.7,Sensitizer (Cat. 1A/1B),✅ Concordant
Reference_Substance_0397,100397-0,O=c1ccoc2ccccc12C,Non-Sensitizer,27.3,30.4,-7.18,52.0,Non-Sensitizer,⚠️ Discordant (Assay Variance)
Reference_Substance_0398,100398-0,Cc1ccccc1COCCO,Sensitizer (Cat. 1A/1B),94.8,121.1,-6.66,61.5,Non-Sensitizer,✅ Concordant
Reference_Substance_0399,100399-0,COCC(O)CO,Non-Sensitizer,62.5,152.3,-7.03,34.3,Sensitizer (Cat. 1A/1B),✅ Concordant
Reference_Substance_0400,100400-0,COC(=O)c1ccc(O)cc1C,Sensitizer (Cat. 1A/1B),92.2,115.1,-8.5,14.9,Non-Sensitizer,⚠️ Discordant (Assay Variance)
Reference_Substance_0401,100401-0,Cc1ccccc1C=CC=O,Non-Sensitizer,29.9,32.2,-4.29,90.6,Non-Sensitizer,✅ Concordant
Reference_Substance_0402,100402-0,C=OC,Sensitizer (Cat. 1A/1B),51.8,135.7,-6.19,18.7,Sensitizer (Cat. 1A/1B),✅ Concordant
Reference_Substance_0403,100403-0,CCC=CC=O,Non-Sensitizer,65.1,347.8,-6.21,30.4,Sensitizer (Cat. 1A/1B),⚠️ Discordant (Assay Variance)
Reference_Substance_0404,100404-0,C=CCc1ccc(O)c(OC)c1C,Sensitizer (Cat. 1A/1B),66.0,18.4,-4.0,54.9,Sensitizer (Cat. 1A/1B),✅ Concordant
Reference_Substance_0405,100405-0,CCC(C)=CCCC(C)=CCO,Non-Sensitizer,55.1,20.9,-6.37,17.0,Non-Sensitizer,✅ Concordant
Reference_Substance_0406,100406-0,CC(CCCC(C)(C)O)CC=OC,Sensitizer (Cat. 1A/1B),78.7,109.5,-6.81,24.2,Sensitizer (Cat. 1A/1B),⚠️ Discordant (Assay Variance)
Reference_Substance_0407,100407-0,O=c1ccoc2ccccc12C,Non-Sensitizer,41.5,710.6,-6.07,94.8,Non-Sensitizer,✅ Concordant
Reference_Substance_0408,100408-0,Cc1ccccc1COCCO,Sensitizer (Cat. 1A/1B),61.9,276.1,-7.16,86.3,Non-Sensitizer,✅ Concordant
Reference_Substance_0409,100409-0,COCC(O)CO,Non-Sensitizer,67.6,283.8,-5.39,55.3,Non-Sensitizer,⚠️ Discordant (Assay Variance)
Reference_Substance_0410,100410-0,COC(=O)c1ccc(O)cc1C,Sensitizer (Cat. 1A/1B),76.3,112.3,-6.25,70.1,Sensitizer (Cat. 1A/1B),✅ Concordant
Reference_Substance_0411,100411-0,Cc1ccccc1C=CC=O,Non-Sensitizer,80.7,225.1,-6.41,38.6,Sensitizer (Cat. 1A/1B),✅ Concordant
Reference_Substance_0412,100412-0,C=OC,Sensitizer (Cat. 1A/1B),40.3,5.0,-6.51,88.4,Non-Sensitizer,⚠️ Discordant (Assay Variance)
Reference_Substance_0413,100413-0,CCC=CC=O,Non-Sensitizer,31.2,252.7,-5.93,45.3,Non-Sensitizer,✅ Concordant
Reference_Substance_0414,100414-0,C=CCc1ccc(O)c(OC)c1C,Sensitizer (Cat. 1A/1B),93.1,611.3,-5.7,63.6,Non-Sensitizer,✅ Concordant
Reference_Substance_0415,100415-0,CCC(C)=CCCC(C)=CCO,Non-Sensitizer,72.3,237.1,-6.42,45.6,Sensitizer (Cat. 1A/1B),⚠️ Discordant (Assay Variance)
Reference_Substance_0416,100416-0,CC(CCCC(C)(C)O)CC=OC,Sensitizer (Cat. 1A/1B),48.5,517.3,-6.23,89.9,Non-Sensitizer,✅ Concordant
Reference_Substance_0417,100417-0,O=c1ccoc2ccccc12C,Non-Sensitizer,99.1,321.8,-5.9,53.0,Sensitizer (Cat. 1A/1B),✅ Concordant
Reference_Substance_0418,100418-0,Cc1ccccc1COCCO,Sensitizer (Cat. 1A/1B),67.5,32.1,-6.02,92.2,Non-Sensitizer,⚠️ Discordant (Assay Variance)
Reference_Substance_0419,100419-0,COCC(O)CO,Non-Sensitizer,90.9,581.9,-5.76,57.6,Sensitizer (Cat. 1A/1B),✅ Concordant
Reference_Substance_0420,100420-0,COC(=O)c1ccc(O)cc1C,Sensitizer (Cat. 1A/1B),66.5,17.2,-6.61,57.0,Sensitizer (Cat. 1A/1B),✅ Concordant
Reference_Substance_0421,100421-0,Cc1ccccc1C=CC=O,Non-Sensitizer,99.5,190.9,-4.59,69.3,Non-Sensitizer,⚠️ Discordant (Assay Variance)
Reference_Substance_0422,100422-0,C=OC,Sensitizer (Cat. 1A/1B),99.5,38.3,-5.68,84.4,Sensitizer (Cat. 1A/1B),✅ Concordant
Reference_Substance_0423,100423-0,CCC=CC=O,Non-Sensitizer,59.5,5.0,-6.4,48.9,Sensitizer (Cat. 1A/1B),✅ Concordant
Reference_Substance_0424,100424-0,C=CCc1ccc(O)c(OC)c1C,Sensitizer (Cat. 1A/1B),86.4,137.1,-5.39,4.8,Non-Sensitizer,⚠️ Discordant (Assay Variance)
Reference_Substance_0425,100425-0,CCC(C)=CCCC(C)=CCO,Non-Sensitizer,79.2,87.4,-5.89,63.6,Sensitizer (Cat. 1A/1B),✅ Concordant
Reference_Substance_0426,100426-0,CC(CCCC(C)(C)O)CC=OC,Sensitizer (Cat. 1A/1B),95.1,166.4,-7.88,41.2,Sensitizer (Cat. 1A/1B),✅ Concordant
Reference_Substance_0427,100427-0,O=c1ccoc2ccccc12C,Non-Sensitizer,43.8,215.2,-5.39,91.6,Sensitizer (Cat. 1A/1B),⚠️ Discordant (Assay Variance)
Reference_Substance_0428,100428-0,Cc1ccccc1COCCO,Sensitizer (Cat. 1A/1B),80.1,11.2,-7.02,57.2,Non-Sensitizer,✅ Concordant
Reference_Substance_0429,100429-0,COCC(O)CO,Non-Sensitizer,88.3,32.8,-4.68,75.4,Sensitizer (Cat. 1A/1B),✅ Concordant
Reference_Substance_0430,100430-0,COC(=O)c1ccc(O)cc1C,Sensitizer (Cat. 1A/1B),26.3,204.5,-6.09,93.2,Non-Sensitizer,⚠️ Discordant (Assay Variance)
Reference_Substance_0431,100431-0,Cc1ccccc1C=CC=O,Non-Sensitizer,39.0,105.1,-4.86,81.9,Sensitizer (Cat. 1A/1B),✅ Concordant
Reference_Substance_0432,100432-0,C=OC,Sensitizer (Cat. 1A/1B),20.1,326.6,-6.56,25.1,Non-Sensitizer,✅ Concordant
Reference_Substance_0433,100433-0,CCC=CC=O,Non-Sensitizer,59.1,264.1,-5.72,81.1,Non-Sensitizer,⚠️ Discordant (Assay Variance)
Reference_Substance_0434,100434-0,C=CCc1ccc(O)c(OC)c1C,Sensitizer (Cat. 1A/1B),80.8,467.1,-4.35,69.4,Non-Sensitizer,✅ Concordant
Reference_Substance_0435,100435-0,CCC(C)=CCCC(C)=CCO,Non-Sensitizer,98.1,294.8,-6.12,94.2,Sensitizer (Cat. 1A/1B),✅ Concordant
Reference_Substance_0436,100436-0,CC(CCCC(C)(C)O)CC=OC,Sensitizer (Cat. 1A/1B),66.6,140.5,-6.51,89.4,Non-Sensitizer,⚠️ Discordant (Assay Variance)
Reference_Substance_0437,100437-0,O=c1ccoc2ccccc12C,Non-Sensitizer,99.5,279.4,-5.01,69.8,Sensitizer (Cat. 1A/1B),✅ Concordant
Reference_Substance_0438,100438-0,Cc1ccccc1COCCO,Sensitizer (Cat. 1A/1B),34.6,80.5,-5.04,94.0,Sensitizer (Cat. 1A/1B),✅ Concordant
Reference_Substance_0439,100439-0,COCC(O)CO,Non-Sensitizer,27.5,91.4,-6.46,40.4,Sensitizer (Cat. 1A/1B),⚠️ Discordant (Assay Variance)
Reference_Substance_0440,100440-0,COC(=O)c1ccc(O)cc1C,Sensitizer (Cat. 1A/1B),63.8,389.0,-8.18,9.7,Non-Sensitizer,✅ Concordant
Reference_Substance_0441,100441-0,Cc1ccccc1C=CC=O,Non-Sensitizer,73.4,147.8,-6.53,38.2,Non-Sensitizer,✅ Concordant
Reference_Substance_0442,100442-0,C=OC,Sensitizer (Cat. 1A/1B),64.3,400.3,-4.99,16.9,Non-Sensitizer,⚠️ Discordant (Assay Variance)
Reference_Substance_0443,100443-0,CCC=CC=O,Non-Sensitizer,19.5,432.1,-6.73,81.8,Sensitizer (Cat. 1A/1B),✅ Concordant
Reference_Substance_0444,100444-0,C=CCc1ccc(O)c(OC)c1C,Sensitizer (Cat. 1A/1B),63.0,487.2,-5.81,46.2,Non-Sensitizer,✅ Concordant
Reference_Substance_0445,100445-0,CCC(C)=CCCC(C)=CCO,Non-Sensitizer,36.3,621.1,-6.59,63.4,Non-Sensitizer,⚠️ Discordant (Assay Variance)
Reference_Substance_0446,100446-0,CC(CCCC(C)(C)O)CC=OC,Sensitizer (Cat. 1A/1B),79.7,141.0,-8.12,88.3,Non-Sensitizer,✅ Concordant
Reference_Substance_0447,100447-0,O=c1ccoc2ccccc12C,Non-Sensitizer,73.1,96.0,-6.61,71.5,Non-Sensitizer,✅ Concordant
Reference_Substance_0448,100448-0,Cc1ccccc1COCCO,Sensitizer (Cat. 1A/1B),44.3,218.2,-4.99,53.8,Non-Sensitizer,⚠️ Discordant (Assay Variance)
Reference_Substance_0449,100449-0,COCC(O)CO,Non-Sensitizer,53.7,116.0,-8.64,35.4,Non-Sensitizer,✅ Concordant
Reference_Substance_0450,100450-0,COC(=O)c1ccc(O)cc1C,Sensitizer (Cat. 1A/1B),41.7,229.7,-5.5,13.0,Sensitizer (Cat. 1A/1B),✅ Concordant
Reference_Substance_0451,100451-0,Cc1ccccc1C=CC=O,Non-Sensitizer,63.6,305.7,-7.22,32.2,Non-Sensitizer,⚠️ Discordant (Assay Variance)
Reference_Substance_0452,100452-0,C=OC,Sensitizer (Cat. 1A/1B),86.0,291.5,-5.07,72.8,Sensitizer (Cat. 1A/1B),✅ Concordant
Reference_Substance_0453,100453-0,CCC=CC=O,Non-Sensitizer,43.3,117.3,-4.94,49.6,Sensitizer (Cat. 1A/1B),✅ Concordant
Reference_Substance_0454,100454-0,C=CCc1ccc(O)c(OC)c1C,Sensitizer (Cat. 1A/1B),76.1,45.6,-6.01,49.9,Non-Sensitizer,⚠️ Discordant (Assay Variance)
Reference_Substance_0455,100455-0,CCC(C)=CCCC(C)=CCO,Non-Sensitizer,53.3,140.8,-6.0,65.8,Non-Sensitizer,✅ Concordant
Reference_Substance_0456,100456-0,CC(CCCC(C)(C)O)CC=OC,Sensitizer (Cat. 1A/1B),47.6,38.5,-6.77,60.0,Non-Sensitizer,✅ Concordant
Reference_Substance_0457,100457-0,O=c1ccoc2ccccc12C,Non-Sensitizer,62.6,552.0,-7.41,77.3,Sensitizer (Cat. 1A/1B),⚠️ Discordant (Assay Variance)
Reference_Substance_0458,100458-0,Cc1ccccc1COCCO,Sensitizer (Cat. 1A/1B),42.2,106.1,-3.76,84.0,Non-Sensitizer,✅ Concordant
Reference_Substance_0459,100459-0,COCC(O)CO,Non-Sensitizer,52.8,41.9,-6.84,77.6,Non-Sensitizer,✅ Concordant
Reference_Substance_0460,100460-0,COC(=O)c1ccc(O)cc1C,Sensitizer (Cat. 1A/1B),38.6,6.4,-3.92,2.3,Non-Sensitizer,⚠️ Discordant (Assay Variance)
Reference_Substance_0461,100461-0,Cc1ccccc1C=CC=O,Non-Sensitizer,99.5,259.5,-6.83,53.4,Sensitizer (Cat. 1A/1B),✅ Concordant
Reference_Substance_0462,100462-0,C=OC,Sensitizer (Cat. 1A/1B),65.8,253.3,-5.17,49.6,Sensitizer (Cat. 1A/1B),✅ Concordant
Reference_Substance_0463,100463-0,CCC=CC=O,Non-Sensitizer,49.6,104.1,-7.17,47.9,Non-Sensitizer,⚠️ Discordant (Assay Variance)
Reference_Substance_0464,100464-0,C=CCc1ccc(O)c(OC)c1C,Sensitizer (Cat. 1A/1B),69.7,18.6,-5.17,62.4,Non-Sensitizer,✅ Concordant
Reference_Substance_0465,100465-0,CCC(C)=CCCC(C)=CCO,Non-Sensitizer,62.5,131.8,-6.19,56.8,Sensitizer (Cat. 1A/1B),✅ Concordant
Reference_Substance_0466,100466-0,CC(CCCC(C)(C)O)CC=OC,Sensitizer (Cat. 1A/1B),60.1,93.2,-6.18,61.7,Non-Sensitizer,⚠️ Discordant (Assay Variance)
Reference_Substance_0467,100467-0,O=c1ccoc2ccccc12C,Non-Sensitizer,78.5,282.6,-5.07,72.4,Sensitizer (Cat. 1A/1B),✅ Concordant
Reference_Substance_0468,100468-0,Cc1ccccc1COCCO,Sensitizer (Cat. 1A/1B),81.7,232.7,-6.36,28.8,Sensitizer (Cat. 1A/1B),✅ Concordant
Reference_Substance_0469,100469-0,COCC(O)CO,Non-Sensitizer,53.3,113.4,-7.51,28.2,Sensitizer (Cat. 1A/1B),⚠️ Discordant (Assay Variance)
Reference_Substance_0470,100470-0,COC(=O)c1ccc(O)cc1C,Sensitizer (Cat. 1A/1B),52.3,61.4,-4.89,26.6,Sensitizer (Cat. 1A/1B),✅ Concordant
Reference_Substance_0471,100471-0,Cc1ccccc1C=CC=O,Non-Sensitizer,58.9,1106.5,-7.18,93.5,Sensitizer (Cat. 1A/1B),✅ Concordant
Reference_Substance_0472,100472-0,C=OC,Sensitizer (Cat. 1A/1B),14.4,151.3,-5.18,91.7,Sensitizer (Cat. 1A/1B),⚠️ Discordant (Assay Variance)
Reference_Substance_0473,100473-0,CCC=CC=O,Non-Sensitizer,31.7,291.4,-4.63,37.8,Non-Sensitizer,✅ Concordant
Reference_Substance_0474,100474-0,C=CCc1ccc(O)c(OC)c1C,Sensitizer (Cat. 1A/1B),95.1,37.9,-6.25,43.4,Sensitizer (Cat. 1A/1B),✅ Concordant
Reference_Substance_0475,100475-0,CCC(C)=CCCC(C)=CCO,Non-Sensitizer,99.5,166.2,-4.38,32.5,Non-Sensitizer,⚠️ Discordant (Assay Variance)
Reference_Substance_0476,100476-0,CC(CCCC(C)(C)O)CC=OC,Sensitizer (Cat. 1A/1B),59.5,7.0,-5.22,33.6,Non-Sensitizer,✅ Concordant
Reference_Substance_0477,100477-0,O=c1ccoc2ccccc12C,Non-Sensitizer,77.7,176.0,-6.64,74.8,Sensitizer (Cat. 1A/1B),✅ Concordant
Reference_Substance_0478,100478-0,Cc1ccccc1COCCO,Sensitizer (Cat. 1A/1B),71.8,831.2,-4.12,90.9,Sensitizer (Cat. 1A/1B),⚠️ Discordant (Assay Variance)
Reference_Substance_0479,100479-0,COCC(O)CO,Non-Sensitizer,99.5,121.2,-7.17,72.7,Non-Sensitizer,✅ Concordant
Reference_Substance_0480,100480-0,COC(=O)c1ccc(O)cc1C,Sensitizer (Cat. 1A/1B),89.6,9.9,-6.25,75.1,Non-Sensitizer,✅ Concordant
Reference_Substance_0481,100481-0,Cc1ccccc1C=CC=O,Non-Sensitizer,62.2,7.9,-6.05,81.2,Non-Sensitizer,⚠️ Discordant (Assay Variance)
Reference_Substance_0482,100482-0,C=OC,Sensitizer (Cat. 1A/1B),44.0,122.8,-5.07,44.0,Sensitizer (Cat. 1A/1B),✅ Concordant
Reference_Substance_0483,100483-0,CCC=CC=O,Non-Sensitizer,29.7,43.6,-4.46,46.9,Sensitizer (Cat. 1A/1B),✅ Concordant
Reference_Substance_0484,100484-0,C=CCc1ccc(O)c(OC)c1C,Sensitizer (Cat. 1A/1B),69.5,5.9,-4.54,69.7,Non-Sensitizer,⚠️ Discordant (Assay Variance)
Reference_Substance_0485,100485-0,CCC(C)=CCCC(C)=CCO,Non-Sensitizer,48.4,352.9,-5.53,68.1,Non-Sensitizer,✅ Concordant
Reference_Substance_0486,100486-0,CC(CCCC(C)(C)O)CC=OC,Sensitizer (Cat. 1A/1B),33.7,153.4,-6.14,65.7,Sensitizer (Cat. 1A/1B),✅ Concordant
Reference_Substance_0487,100487-0,O=c1ccoc2ccccc12C,Non-Sensitizer,50.8,85.4,-7.99,71.9,Sensitizer (Cat. 1A/1B),⚠️ Discordant (Assay Variance)
Reference_Substance_0488,100488-0,Cc1ccccc1COCCO,Sensitizer (Cat. 1A/1B),41.2,575.9,-7.38,87.9,Sensitizer (Cat. 1A/1B),✅ Concordant
Reference_Substance_0489,100489-0,COCC(O)CO,Non-Sensitizer,99.5,30.9,-3.68,25.0,Sensitizer (Cat. 1A/1B),✅ Concordant
Reference_Substance_0490,100490-0,COC(=O)c1ccc(O)cc1C,Sensitizer (Cat. 1A/1B),84.4,780.4,-8.0,46.9,Sensitizer (Cat. 1A/1B),⚠️ Discordant (Assay Variance)
Reference_Substance_0491,100491-0,Cc1ccccc1C=CC=O,Non-Sensitizer,64.8,94.2,-6.74,24.1,Sensitizer (Cat. 1A/1B),✅ Concordant
Reference_Substance_0492,100492-0,C=OC,Sensitizer (Cat. 1A/1B),97.6,548.2,-4.43,55.6,Sensitizer (Cat. 1A/1B),✅ Concordant
Reference_Substance_0493,100493-0,CCC=CC=O,Non-Sensitizer,66.7,230.9,-5.55,79.1,Non-Sensitizer,⚠️ Discordant (Assay Variance)
Reference_Substance_0494,100494-0,C=CCc1ccc(O)c(OC)c1C,Sensitizer (Cat. 1A/1B),46.1,438.2,-4.69,47.0,Sensitizer (Cat. 1A/1B),✅ Concordant
Reference_Substance_0495,100495-0,CCC(C)=CCCC(C)=CCO,Non-Sensitizer,98.5,1034.0,-5.15,73.2,Non-Sensitizer,✅ Concordant
Reference_Substance_0496,100496-0,CC(CCCC(C)(C)O)CC=OC,Sensitizer (Cat. 1A/1B),76.9,85.1,-4.04,27.1,Sensitizer (Cat. 1A/1B),⚠️ Discordant (Assay Variance)
Reference_Substance_0497,100497-0,O=c1ccoc2ccccc12C,Non-Sensitizer,42.2,811.9,-5.45,45.8,Sensitizer (Cat. 1A/1B),✅ Concordant
Reference_Substance_0498,100498-0,Cc1ccccc1COCCO,Sensitizer (Cat. 1A/1B),60.8,123.4,-5.0,85.7,Sensitizer (Cat. 1A/1B),✅ Concordant
Reference_Substance_0499,100499-0,COCC(O)CO,Non-Sensitizer,45.7,121.7,-6.67,33.4,Sensitizer (Cat. 1A/1B),⚠️ Discordant (Assay Variance)
Reference_Substance_0500,100500-0,COC(=O)c1ccc(O)cc1C,Sensitizer (Cat. 1A/1B),34.6,104.0,-5.1,9.6,Sensitizer (Cat. 1A/1B),✅ Concordant
Reference_Substance_0501,100501-0,Cc1ccccc1C=CC=O,Non-Sensitizer,85.4,194.9,-6.28,28.8,Non-Sensitizer,✅ Concordant
Reference_Substance_0502,100502-0,C=OC,Sensitizer (Cat. 1A/1B),99.5,41.9,-6.34,71.1,Sensitizer (Cat. 1A/1B),⚠️ Discordant (Assay Variance)
Reference_Substance_0503,100503-0,CCC=CC=O,Non-Sensitizer,34.2,201.7,-4.73,24.6,Sensitizer (Cat. 1A/1B),✅ Concordant
Reference_Substance_0504,100504-0,C=CCc1ccc(O)c(OC)c1C,Sensitizer (Cat. 1A/1B),77.4,195.1,-4.72,67.6,Non-Sensitizer,✅ Concordant
Reference_Substance_0505,100505-0,CCC(C)=CCCC(C)=CCO,Non-Sensitizer,50.7,358.8,-3.77,68.1,Sensitizer (Cat. 1A/1B),⚠️ Discordant (Assay Variance)
Reference_Substance_0506,100506-0,CC(CCCC(C)(C)O)CC=OC,Sensitizer (Cat. 1A/1B),54.3,448.4,-3.85,45.0,Sensitizer (Cat. 1A/1B),✅ Concordant
Reference_Substance_0507,100507-0,O=c1ccoc2ccccc12C,Non-Sensitizer,52.0,145.2,-4.7,57.0,Non-Sensitizer,✅ Concordant
Reference_Substance_0508,100508-0,Cc1ccccc1COCCO,Sensitizer (Cat. 1A/1B),46.0,90.0,-7.86,52.3,Non-Sensitizer,⚠️ Discordant (Assay Variance)
Reference_Substance_0509,100509-0,COCC(O)CO,Non-Sensitizer,66.1,75.1,-3.61,20.7,Sensitizer (Cat. 1A/1B),✅ Concordant
Reference_Substance_0510,100510-0,COC(=O)c1ccc(O)cc1C,Sensitizer (Cat. 1A/1B),46.7,54.1,-4.7,67.7,Non-Sensitizer,✅ Concordant
Reference_Substance_0511,100511-0,Cc1ccccc1C=CC=O,Non-Sensitizer,71.0,14.8,-6.72,60.1,Sensitizer (Cat. 1A/1B),⚠️ Discordant (Assay Variance)
Reference_Substance_0512,100512-0,C=OC,Sensitizer (Cat. 1A/1B),63.9,104.8,-4.93,45.2,Sensitizer (Cat. 1A/1B),✅ Concordant
Reference_Substance_0513,100513-0,CCC=CC=O,Non-Sensitizer,59.7,78.8,-7.04,11.1,Sensitizer (Cat. 1A/1B),✅ Concordant
Reference_Substance_0514,100514-0,C=CCc1ccc(O)c(OC)c1C,Sensitizer (Cat. 1A/1B),45.0,848.4,-5.06,15.2,Non-Sensitizer,⚠️ Discordant (Assay Variance)
Reference_Substance_0515,100515-0,CCC(C)=CCCC(C)=CCO,Non-Sensitizer,52.3,203.9,-7.38,55.4,Sensitizer (Cat. 1A/1B),✅ Concordant
Reference_Substance_0516,100516-0,CC(CCCC(C)(C)O)CC=OC,Sensitizer (Cat. 1A/1B),81.6,106.7,-6.77,47.4,Non-Sensitizer,✅ Concordant
Reference_Substance_0517,100517-0,O=c1ccoc2ccccc12C,Non-Sensitizer,76.0,217.2,-4.95,70.2,Non-Sensitizer,⚠️ Discordant (Assay Variance)
Reference_Substance_0518,100518-0,Cc1ccccc1COCCO,Sensitizer (Cat. 1A/1B),43.5,37.5,-4.51,75.3,Sensitizer (Cat. 1A/1B),✅ Concordant
Reference_Substance_0519,100519-0,COCC(O)CO,Non-Sensitizer,67.2,146.8,-5.41,64.3,Non-Sensitizer,✅ Concordant
Reference_Substance_0520,100520-0,COC(=O)c1ccc(O)cc1C,Sensitizer (Cat. 1A/1B),81.5,246.0,-6.14,69.3,Sensitizer (Cat. 1A/1B),⚠️ Discordant (Assay Variance)
Reference_Substance_0521,100521-0,Cc1ccccc1C=CC=O,Non-Sensitizer,28.3,167.8,-8.34,69.6,Sensitizer (Cat. 1A/1B),✅ Concordant
Reference_Substance_0522,100522-0,C=OC,Sensitizer (Cat. 1A/1B),77.0,128.4,-6.05,38.9,Non-Sensitizer,✅ Concordant
Reference_Substance_0523,100523-0,CCC=CC=O,Non-Sensitizer,50.4,1272.8,-5.16,56.3,Non-Sensitizer,⚠️ Discordant (Assay Variance)
Reference_Substance_0524,100524-0,C=CCc1ccc(O)c(OC)c1C,Sensitizer (Cat. 1A/1B),77.6,530.7,-6.18,42.2,Non-Sensitizer,✅ Concordant
Reference_Substance_0525,100525-0,CCC(C)=CCCC(C)=CCO,Non-Sensitizer,48.2,244.1,-5.83,35.5,Non-Sensitizer,✅ Concordant
Reference_Substance_0526,100526-0,CC(CCCC(C)(C)O)CC=OC,Sensitizer (Cat. 1A/1B),25.3,210.6,-6.02,50.9,Sensitizer (Cat. 1A/1B),⚠️ Discordant (Assay Variance)
Reference_Substance_0527,100527-0,O=c1ccoc2ccccc12C,Non-Sensitizer,29.2,242.3,-6.19,41.4,Non-Sensitizer,✅ Concordant
Reference_Substance_0528,100528-0,Cc1ccccc1COCCO,Sensitizer (Cat. 1A/1B),66.1,56.2,-5.71,22.8,Non-Sensitizer,✅ Concordant
Reference_Substance_0529,100529-0,COCC(O)CO,Non-Sensitizer,70.7,125.7,-6.13,80.0,Sensitizer (Cat. 1A/1B),⚠️ Discordant (Assay Variance)
Reference_Substance_0530,100530-0,COC(=O)c1ccc(O)cc1C,Sensitizer (Cat. 1A/1B),45.1,10.1,-4.07,73.6,Sensitizer (Cat. 1A/1B),✅ Concordant
Reference_Substance_0531,100531-0,Cc1ccccc1C=CC=O,Non-Sensitizer,79.0,161.3,-8.45,56.9,Sensitizer (Cat. 1A/1B),✅ Concordant
Reference_Substance_0532,100532-0,C=OC,Sensitizer (Cat. 1A/1B),28.4,195.8,-6.46,14.1,Non-Sensitizer,⚠️ Discordant (Assay Variance)
Reference_Substance_0533,100533-0,CCC=CC=O,Non-Sensitizer,63.5,64.6,-6.84,82.8,Sensitizer (Cat. 1A/1B),✅ Concordant
Reference_Substance_0534,100534-0,C=CCc1ccc(O)c(OC)c1C,Sensitizer (Cat. 1A/1B),38.4,831.3,-5.54,66.8,Sensitizer (Cat. 1A/1B),✅ Concordant
Reference_Substance_0535,100535-0,CCC(C)=CCCC(C)=CCO,Non-Sensitizer,50.7,600.5,-5.71,63.7,Non-Sensitizer,⚠️ Discordant (Assay Variance)
Reference_Substance_0536,100536-0,CC(CCCC(C)(C)O)CC=OC,Sensitizer (Cat. 1A/1B),66.0,320.2,-3.85,53.3,Non-Sensitizer,✅ Concordant
Reference_Substance_0537,100537-0,O=c1ccoc2ccccc12C,Non-Sensitizer,46.1,190.6,-3.46,38.5,Sensitizer (Cat. 1A/1B),✅ Concordant
Reference_Substance_0538,100538-0,Cc1ccccc1COCCO,Sensitizer (Cat. 1A/1B),56.5,510.0,-6.73,56.4,Non-Sensitizer,⚠️ Discordant (Assay Variance)
Reference_Substance_0539,100539-0,COCC(O)CO,Non-Sensitizer,87.1,35.0,-5.8,52.9,Sensitizer (Cat. 1A/1B),✅ Concordant
Reference_Substance_0540,100540-0,COC(=O)c1ccc(O)cc1C,Sensitizer (Cat. 1A/1B),52.3,390.8,-5.56,41.7,Sensitizer (Cat. 1A/1B),✅ Concordant
Reference_Substance_0541,100541-0,Cc1ccccc1C=CC=O,Non-Sensitizer,83.4,33.3,-6.76,30.6,Non-Sensitizer,⚠️ Discordant (Assay Variance)
Reference_Substance_0542,100542-0,C=OC,Sensitizer (Cat. 1A/1B),40.1,395.2,-5.05,24.2,Sensitizer (Cat. 1A/1B),✅ Concordant
Reference_Substance_0543,100543-0,CCC=CC=O,Non-Sensitizer,76.7,80.7,-6.09,6.3,Sensitizer (Cat. 1A/1B),✅ Concordant
Reference_Substance_0544,100544-0,C=CCc1ccc(O)c(OC)c1C,Sensitizer (Cat. 1A/1B),96.7,524.1,-7.08,19.9,Non-Sensitizer,⚠️ Discordant (Assay Variance)
Reference_Substance_0545,100545-0,CCC(C)=CCCC(C)=CCO,Non-Sensitizer,10.6,720.8,-6.14,92.8,Non-Sensitizer,✅ Concordant
Reference_Substance_0546,100546-0,CC(CCCC(C)(C)O)CC=OC,Sensitizer (Cat. 1A/1B),47.5,40.3,-7.0,27.8,Non-Sensitizer,✅ Concordant
Reference_Substance_0547,100547-0,O=c1ccoc2ccccc12C,Non-Sensitizer,77.7,155.3,-4.56,90.0,Sensitizer (Cat. 1A/1B),⚠️ Discordant (Assay Variance)
Reference_Substance_0548,100548-0,Cc1ccccc1COCCO,Sensitizer (Cat. 1A/1B),60.5,990.7,-3.52,36.0,Sensitizer (Cat. 1A/1B),✅ Concordant
Reference_Substance_0549,100549-0,COCC(O)CO,Non-Sensitizer,73.2,165.1,-5.51,72.9,Sensitizer (Cat. 1A/1B),✅ Concordant
Reference_Substance_0550,100550-0,COC(=O)c1ccc(O)cc1C,Sensitizer (Cat. 1A/1B),51.7,497.9,-5.67,28.4,Non-Sensitizer,⚠️ Discordant (Assay Variance)
Reference_Substance_0551,100551-0,Cc1ccccc1C=CC=O,Non-Sensitizer,66.9,222.1,-5.62,55.0,Non-Sensitizer,✅ Concordant
Reference_Substance_0552,100552-0,C=OC,Sensitizer (Cat. 1A/1B),61.6,117.6,-4.38,42.7,Non-Sensitizer,✅ Concordant
Reference_Substance_0553,100553-0,CCC=CC=O,Non-Sensitizer,90.7,84.1,-4.41,86.9,Sensitizer (Cat. 1A/1B),⚠️ Discordant (Assay Variance)
Reference_Substance_0554,100554-0,C=CCc1ccc(O)c(OC)c1C,Sensitizer (Cat. 1A/1B),70.6,56.8,-5.94,20.1,Non-Sensitizer,✅ Concordant
Reference_Substance_0555,100555-0,CCC(C)=CCCC(C)=CCO,Non-Sensitizer,72.4,358.7,-5.5,41.3,Non-Sensitizer,✅ Concordant
Reference_Substance_0556,100556-0,CC(CCCC(C)(C)O)CC=OC,Sensitizer (Cat. 1A/1B),55.9,122.2,-5.02,7.9,Non-Sensitizer,⚠️ Discordant (Assay Variance)
Reference_Substance_0557,100557-0,O=c1ccoc2ccccc12C,Non-Sensitizer,54.3,179.0,-7.17,17.5,Sensitizer (Cat. 1A/1B),✅ Concordant
Reference_Substance_0558,100558-0,Cc1ccccc1COCCO,Sensitizer (Cat. 1A/1B),55.5,169.5,-4.34,80.1,Non-Sensitizer,✅ Concordant
Reference_Substance_0559,100559-0,COCC(O)CO,Non-Sensitizer,73.7,215.3,-3.72,53.3,Non-Sensitizer,⚠️ Discordant (Assay Variance)
Reference_Substance_0560,100560-0,COC(=O)c1ccc(O)cc1C,Sensitizer (Cat. 1A/1B),55.7,501.7,-4.4,15.7,Sensitizer (Cat. 1A/1B),✅ Concordant
Reference_Substance_0561,100561-0,Cc1ccccc1C=CC=O,Non-Sensitizer,71.4,987.4,-7.29,53.7,Sensitizer (Cat. 1A/1B),✅ Concordant
Reference_Substance_0562,100562-0,C=OC,Sensitizer (Cat. 1A/1B),99.5,130.9,-8.16,22.5,Sensitizer (Cat. 1A/1B),⚠️ Discordant (Assay Variance)
Reference_Substance_0563,100563-0,CCC=CC=O,Non-Sensitizer,84.2,439.4,-4.95,97.2,Sensitizer (Cat. 1A/1B),✅ Concordant
Reference_Substance_0564,100564-0,C=CCc1ccc(O)c(OC)c1C,Sensitizer (Cat. 1A/1B),57.8,361.5,-6.71,82.9,Sensitizer (Cat. 1A/1B),✅ Concordant
Reference_Substance_0565,100565-0,CCC(C)=CCCC(C)=CCO,Non-Sensitizer,91.4,213.1,-5.46,89.0,Non-Sensitizer,⚠️ Discordant (Assay Variance)
Reference_Substance_0566,100566-0,CC(CCCC(C)(C)O)CC=OC,Sensitizer (Cat. 1A/1B),56.0,781.2,-3.96,69.8,Non-Sensitizer,✅ Concordant
Reference_Substance_0567,100567-0,O=c1ccoc2ccccc12C,Non-Sensitizer,20.2,55.9,-6.59,65.0,Non-Sensitizer,✅ Concordant
Reference_Substance_0568,100568-0,Cc1ccccc1COCCO,Sensitizer (Cat. 1A/1B),42.8,28.9,-6.25,39.9,Sensitizer (Cat. 1A/1B),⚠️ Discordant (Assay Variance)
Reference_Substance_0569,100569-0,COCC(O)CO,Non-Sensitizer,23.8,481.0,-5.47,6.7,Non-Sensitizer,✅ Concordant
Reference_Substance_0570,100570-0,COC(=O)c1ccc(O)cc1C,Sensitizer (Cat. 1A/1B),57.3,144.6,-7.36,58.3,Non-Sensitizer,✅ Concordant
Reference_Substance_0571,100571-0,Cc1ccccc1C=CC=O,Non-Sensitizer,65.4,469.3,-6.71,75.8,Non-Sensitizer,⚠️ Discordant (Assay Variance)
Reference_Substance_0572,100572-0,C=OC,Sensitizer (Cat. 1A/1B),99.5,558.9,-5.77,65.9,Sensitizer (Cat. 1A/1B),✅ Concordant
Reference_Substance_0573,100573-0,CCC=CC=O,Non-Sensitizer,72.2,16.1,-6.16,73.1,Sensitizer (Cat. 1A/1B),✅ Concordant
Reference_Substance_0574,100574-0,C=CCc1ccc(O)c(OC)c1C,Sensitizer (Cat. 1A/1B),60.2,537.4,-5.07,41.2,Sensitizer (Cat. 1A/1B),⚠️ Discordant (Assay Variance)
Reference_Substance_0575,100575-0,CCC(C)=CCCC(C)=CCO,Non-Sensitizer,83.2,148.7,-2.48,57.8,Non-Sensitizer,✅ Concordant
Reference_Substance_0576,100576-0,CC(CCCC(C)(C)O)CC=OC,Sensitizer (Cat. 1A/1B),16.4,178.6,-5.68,22.3,Non-Sensitizer,✅ Concordant
Reference_Substance_0577,100577-0,O=c1ccoc2ccccc12C,Non-Sensitizer,70.2,246.3,-6.81,48.6,Non-Sensitizer,⚠️ Discordant (Assay Variance)
Reference_Substance_0578,100578-0,Cc1ccccc1COCCO,Sensitizer (Cat. 1A/1B),82.0,652.2,-4.1,80.1,Non-Sensitizer,✅ Concordant
Reference_Substance_0579,100579-0,COCC(O)CO,Non-Sensitizer,32.5,5.0,-7.71,50.1,Sensitizer (Cat. 1A/1B),✅ Concordant
Reference_Substance_0580,100580-0,COC(=O)c1ccc(O)cc1C,Sensitizer (Cat. 1A/1B),90.2,162.0,-7.47,41.3,Sensitizer (Cat. 1A/1B),⚠️ Discordant (Assay Variance)
Reference_Substance_0581,100581-0,Cc1ccccc1C=CC=O,Non-Sensitizer,72.4,291.0,-6.51,41.7,Non-Sensitizer,✅ Concordant
Reference_Substance_0582,100582-0,C=OC,Sensitizer (Cat. 1A/1B),55.9,320.7,-6.14,66.6,Non-Sensitizer,✅ Concordant
Reference_Substance_0583,100583-0,CCC=CC=O,Non-Sensitizer,78.9,294.8,-6.54,32.4,Non-Sensitizer,⚠️ Discordant (Assay Variance)
Reference_Substance_0584,100584-0,C=CCc1ccc(O)c(OC)c1C,Sensitizer (Cat. 1A/1B),99.5,36.1,-5.84,81.1,Non-Sensitizer,✅ Concordant
Reference_Substance_0585,100585-0,CCC(C)=CCCC(C)=CCO,Non-Sensitizer,69.0,89.0,-5.47,87.7,Non-Sensitizer,✅ Concordant
Reference_Substance_0586,100586-0,CC(CCCC(C)(C)O)CC=OC,Sensitizer (Cat. 1A/1B),70.5,111.1,-4.52,24.5,Non-Sensitizer,⚠️ Discordant (Assay Variance)
Reference_Substance_0587,100587-0,O=c1ccoc2ccccc12C,Non-Sensitizer,54.9,408.0,-5.69,33.7,Sensitizer (Cat. 1A/1B),✅ Concordant
Reference_Substance_0588,100588-0,Cc1ccccc1COCCO,Sensitizer (Cat. 1A/1B),46.3,81.7,-6.47,27.2,Non-Sensitizer,✅ Concordant
Reference_Substance_0589,100589-0,COCC(O)CO,Non-Sensitizer,83.3,59.2,-4.58,83.7,Sensitizer (Cat. 1A/1B),⚠️ Discordant (Assay Variance)
Reference_Substance_0590,100590-0,COC(=O)c1ccc(O)cc1C,Sensitizer (Cat. 1A/1B),46.2,789.3,-6.78,15.2,Sensitizer (Cat. 1A/1B),✅ Concordant
Reference_Substance_0591,100591-0,Cc1ccccc1C=CC=O,Non-Sensitizer,66.6,5.0,-7.76,54.5,Sensitizer (Cat. 1A/1B),✅ Concordant
Reference_Substance_0592,100592-0,C=OC,Sensitizer (Cat. 1A/1B),54.5,1532.2,-4.35,18.2,Non-Sensitizer,⚠️ Discordant (Assay Variance)
Reference_Substance_0593,100593-0,CCC=CC=O,Non-Sensitizer,75.5,282.4,-4.43,55.6,Non-Sensitizer,✅ Concordant
Reference_Substance_0594,100594-0,C=CCc1ccc(O)c(OC)c1C,Sensitizer (Cat. 1A/1B),72.3,440.7,-6.75,81.6,Sensitizer (Cat. 1A/1B),✅ Concordant
Reference_Substance_0595,100595-0,CCC(C)=CCCC(C)=CCO,Non-Sensitizer,87.8,87.3,-6.28,56.7,Sensitizer (Cat. 1A/1B),⚠️ Discordant (Assay Variance)
Reference_Substance_0596,100596-0,CC(CCCC(C)(C)O)CC=OC,Sensitizer (Cat. 1A/1B),53.8,5.0,-6.9,4.8,Sensitizer (Cat. 1A/1B),✅ Concordant
Reference_Substance_0597,100597-0,O=c1ccoc2ccccc12C,Non-Sensitizer,59.1,334.7,-5.41,56.5,Sensitizer (Cat. 1A/1B),✅ Concordant
Reference_Substance_0598,100598-0,Cc1ccccc1COCCO,Sensitizer (Cat. 1A/1B),43.5,449.2,-3.72,6.4,Non-Sensitizer,⚠️ Discordant (Assay Variance)
Reference_Substance_0599,100599-0,COCC(O)CO,Non-Sensitizer,55.2,337.2,-4.96,52.0,Non-Sensitizer,✅ Concordant
Reference_Substance_0600,100600-0,COC(=O)c1ccc(O)cc1C,Sensitizer (Cat. 1A/1B),73.3,38.5,-4.56,54.6,Non-Sensitizer,✅ Concordant
Reference_Substance_0601,100601-0,Cc1ccccc1C=CC=O,Non-Sensitizer,81.7,350.0,-4.82,24.6,Sensitizer (Cat. 1A/1B),⚠️ Discordant (Assay Variance)
Reference_Substance_0602,100602-0,C=OC,Sensitizer (Cat. 1A/1B),44.7,366.3,-5.8,48.0,Non-Sensitizer,✅ Concordant
Reference_Substance_0603,100603-0,CCC=CC=O,Non-Sensitizer,84.1,268.6,-4.5,58.0,Non-Sensitizer,✅ Concordant
Reference_Substance_0604,100604-0,C=CCc1ccc(O)c(OC)c1C,Sensitizer (Cat. 1A/1B),94.8,363.2,-4.91,86.8,Non-Sensitizer,⚠️ Discordant (Assay Variance)
Reference_Substance_0605,100605-0,CCC(C)=CCCC(C)=CCO,Non-Sensitizer,74.1,467.6,-4.07,84.2,Sensitizer (Cat. 1A/1B),✅ Concordant
Reference_Substance_0606,100606-0,CC(CCCC(C)(C)O)CC=OC,Sensitizer (Cat. 1A/1B),99.5,237.7,-6.35,58.3,Sensitizer (Cat. 1A/1B),✅ Concordant
Reference_Substance_0607,100607-0,O=c1ccoc2ccccc12C,Non-Sensitizer,48.0,23.2,-7.89,42.5,Sensitizer (Cat. 1A/1B),⚠️ Discordant (Assay Variance)
Reference_Substance_0608,100608-0,Cc1ccccc1COCCO,Sensitizer (Cat. 1A/1B),37.6,167.2,-4.55,17.1,Non-Sensitizer,✅ Concordant
Reference_Substance_0609,100609-0,COCC(O)CO,Non-Sensitizer,25.9,20.2,-5.38,27.6,Sensitizer (Cat. 1A/1B),✅ Concordant
Reference_Substance_0610,100610-0,COC(=O)c1ccc(O)cc1C,Sensitizer (Cat. 1A/1B),97.9,130.9,-6.16,43.0,Sensitizer (Cat. 1A/1B),⚠️ Discordant (Assay Variance)
Reference_Substance_0611,100611-0,Cc1ccccc1C=CC=O,Non-Sensitizer,79.4,130.7,-6.09,74.8,Sensitizer (Cat. 1A/1B),✅ Concordant
Reference_Substance_0612,100612-0,C=OC,Sensitizer (Cat. 1A/1B),63.8,17.1,-2.73,49.6,Sensitizer (Cat. 1A/1B),✅ Concordant
Reference_Substance_0613,100613-0,CCC=CC=O,Non-Sensitizer,71.2,107.2,-6.57,35.9,Sensitizer (Cat. 1A/1B),⚠️ Discordant (Assay Variance)
Reference_Substance_0614,100614-0,C=CCc1ccc(O)c(OC)c1C,Sensitizer (Cat. 1A/1B),40.2,29.4,-6.82,37.6,Non-Sensitizer,✅ Concordant
Reference_Substance_0615,100615-0,CCC(C)=CCCC(C)=CCO,Non-Sensitizer,99.5,412.9,-5.7,37.9,Sensitizer (Cat. 1A/1B),✅ Concordant
Reference_Substance_0616,100616-0,CC(CCCC(C)(C)O)CC=OC,Sensitizer (Cat. 1A/1B),67.8,737.6,-4.38,25.4,Non-Sensitizer,⚠️ Discordant (Assay Variance)
Reference_Substance_0617,100617-0,O=c1ccoc2ccccc12C,Non-Sensitizer,67.4,18.8,-3.07,27.3,Non-Sensitizer,✅ Concordant
Reference_Substance_0618,100618-0,Cc1ccccc1COCCO,Sensitizer (Cat. 1A/1B),81.0,775.9,-5.01,24.4,Non-Sensitizer,✅ Concordant
Reference_Substance_0619,100619-0,COCC(O)CO,Non-Sensitizer,75.6,184.8,-7.32,54.2,Non-Sensitizer,⚠️ Discordant (Assay Variance)
Reference_Substance_0620,100620-0,COC(=O)c1ccc(O)cc1C,Sensitizer (Cat. 1A/1B),69.9,89.0,-3.43,16.7,Non-Sensitizer,✅ Concordant
Reference_Substance_0621,100621-0,Cc1ccccc1C=CC=O,Non-Sensitizer,47.6,20.0,-5.82,10.2,Non-Sensitizer,✅ Concordant
Reference_Substance_0622,100622-0,C=OC,Sensitizer (Cat. 1A/1B),75.4,173.6,-6.81,59.0,Sensitizer (Cat. 1A/1B),⚠️ Discordant (Assay Variance)
Reference_Substance_0623,100623-0,CCC=CC=O,Non-Sensitizer,99.5,395.6,-7.1,49.1,Non-Sensitizer,✅ Concordant
Reference_Substance_0624,100624-0,C=CCc1ccc(O)c(OC)c1C,Sensitizer (Cat. 1A/1B),94.6,307.0,-4.8,88.3,Sensitizer (Cat. 1A/1B),✅ Concordant
Reference_Substance_0625,100625-0,CCC(C)=CCCC(C)=CCO,Non-Sensitizer,99.5,12.9,-5.51,84.9,Non-Sensitizer,⚠️ Discordant (Assay Variance)
Reference_Substance_0626,100626-0,CC(CCCC(C)(C)O)CC=OC,Sensitizer (Cat. 1A/1B),53.8,18.9,-5.39,33.1,Sensitizer (Cat. 1A/1B),✅ Concordant
Reference_Substance_0627,100627-0,O=c1ccoc2ccccc12C,Non-Sensitizer,43.2,128.9,-4.26,58.8,Non-Sensitizer,✅ Concordant
Reference_Substance_0628,100628-0,Cc1ccccc1COCCO,Sensitizer (Cat. 1A/1B),62.2,87.5,-6.76,13.9,Non-Sensitizer,⚠️ Discordant (Assay Variance)
Reference_Substance_0629,100629-0,COCC(O)CO,Non-Sensitizer,66.2,66.1,-4.16,20.8,Non-Sensitizer,✅ Concordant
Reference_Substance_0630,100630-0,COC(=O)c1ccc(O)cc1C,Sensitizer (Cat. 1A/1B),89.1,82.5,-6.42,49.3,Non-Sensitizer,✅ Concordant
Reference_Substance_0631,100631-0,Cc1ccccc1C=CC=O,Non-Sensitizer,27.8,406.8,-3.2,75.4,Non-Sensitizer,⚠️ Discordant (Assay Variance)
Reference_Substance_0632,100632-0,C=OC,Sensitizer (Cat. 1A/1B),98.7,662.1,-5.08,20.1,Sensitizer (Cat. 1A/1B),✅ Concordant
Reference_Substance_0633,100633-0,CCC=CC=O,Non-Sensitizer,61.5,129.8,-6.9,79.0,Sensitizer (Cat. 1A/1B),✅ Concordant
Reference_Substance_0634,100634-0,C=CCc1ccc(O)c(OC)c1C,Sensitizer (Cat. 1A/1B),55.6,591.4,-8.23,75.0,Sensitizer (Cat. 1A/1B),⚠️ Discordant (Assay Variance)
Reference_Substance_0635,100635-0,CCC(C)=CCCC(C)=CCO,Non-Sensitizer,42.7,97.0,-4.83,43.7,Non-Sensitizer,✅ Concordant
Reference_Substance_0636,100636-0,CC(CCCC(C)(C)O)CC=OC,Sensitizer (Cat. 1A/1B),28.6,161.8,-6.25,18.8,Sensitizer (Cat. 1A/1B),✅ Concordant
Reference_Substance_0637,100637-0,O=c1ccoc2ccccc12C,Non-Sensitizer,83.1,64.1,-5.99,11.9,Non-Sensitizer,⚠️ Discordant (Assay Variance)
Reference_Substance_0638,100638-0,Cc1ccccc1COCCO,Sensitizer (Cat. 1A/1B),66.6,255.7,-4.88,97.0,Non-Sensitizer,✅ Concordant
Reference_Substance_0639,100639-0,COCC(O)CO,Non-Sensitizer,36.6,965.6,-4.59,12.1,Sensitizer (Cat. 1A/1B),✅ Concordant
Reference_Substance_0640,100640-0,COC(=O)c1ccc(O)cc1C,Sensitizer (Cat. 1A/1B),36.5,231.3,-4.33,10.4,Non-Sensitizer,⚠️ Discordant (Assay Variance)
Reference_Substance_0641,100641-0,Cc1ccccc1C=CC=O,Non-Sensitizer,57.6,110.7,-7.21,39.9,Sensitizer (Cat. 1A/1B),✅ Concordant
Reference_Substance_0642,100642-0,C=OC,Sensitizer (Cat. 1A/1B),99.5,260.9,-4.09,40.5,Non-Sensitizer,✅ Concordant
Reference_Substance_0643,100643-0,CCC=CC=O,Non-Sensitizer,59.3,32.8,-6.49,36.3,Non-Sensitizer,⚠️ Discordant (Assay Variance)
Reference_Substance_0644,100644-0,C=CCc1ccc(O)c(OC)c1C,Sensitizer (Cat. 1A/1B),31.9,548.8,-8.51,38.4,Sensitizer (Cat. 1A/1B),✅ Concordant
Reference_Substance_0645,100645-0,CCC(C)=CCCC(C)=CCO,Non-Sensitizer,59.6,174.8,-7.21,22.9,Non-Sensitizer,✅ Concordant
Reference_Substance_0646,100646-0,CC(CCCC(C)(C)O)CC=OC,Sensitizer (Cat. 1A/1B),59.0,149.2,-5.54,7.2,Sensitizer (Cat. 1A/1B),⚠️ Discordant (Assay Variance)
Reference_Substance_0647,100647-0,O=c1ccoc2ccccc12C,Non-Sensitizer,5.7,220.4,-6.97,53.3,Non-Sensitizer,✅ Concordant
Reference_Substance_0648,100648-0,Cc1ccccc1COCCO,Sensitizer (Cat. 1A/1B),63.8,245.1,-5.91,20.7,Sensitizer (Cat. 1A/1B),✅ Concordant
Reference_Substance_0649,100649-0,COCC(O)CO,Non-Sensitizer,59.9,18.6,-5.39,44.9,Sensitizer (Cat. 1A/1B),⚠️ Discordant (Assay Variance)
Reference_Substance_0650,100650-0,COC(=O)c1ccc(O)cc1C,Sensitizer (Cat. 1A/1B),80.3,286.9,-6.02,78.0,Sensitizer (Cat. 1A/1B),✅ Concordant
Reference_Substance_0651,100651-0,Cc1ccccc1C=CC=O,Non-Sensitizer,99.5,69.2,-6.39,77.0,Non-Sensitizer,✅ Concordant
Reference_Substance_0652,100652-0,C=OC,Sensitizer (Cat. 1A/1B),89.8,312.9,-7.3,55.7,Non-Sensitizer,⚠️ Discordant (Assay Variance)
Reference_Substance_0653,100653-0,CCC=CC=O,Non-Sensitizer,59.1,432.2,-5.77,41.3,Non-Sensitizer,✅ Concordant
Reference_Substance_0654,100654-0,C=CCc1ccc(O)c(OC)c1C,Sensitizer (Cat. 1A/1B),40.7,407.4,-8.28,42.8,Non-Sensitizer,✅ Concordant
Reference_Substance_0655,100655-0,CCC(C)=CCCC(C)=CCO,Non-Sensitizer,99.5,201.0,-6.62,84.1,Sensitizer (Cat. 1A/1B),⚠️ Discordant (Assay Variance)
Reference_Substance_0656,100656-0,CC(CCCC(C)(C)O)CC=OC,Sensitizer (Cat. 1A/1B),66.3,183.6,-6.91,67.2,Sensitizer (Cat. 1A/1B),✅ Concordant
Reference_Substance_0657,100657-0,O=c1ccoc2ccccc12C,Non-Sensitizer,65.3,38.5,-6.09,58.2,Sensitizer (Cat. 1A/1B),✅ Concordant
Reference_Substance_0658,100658-0,Cc1ccccc1COCCO,Sensitizer (Cat. 1A/1B),64.5,373.3,-6.06,45.8,Sensitizer (Cat. 1A/1B),⚠️ Discordant (Assay Variance)
Reference_Substance_0659,100659-0,COCC(O)CO,Non-Sensitizer,69.4,79.2,-4.65,96.2,Non-Sensitizer,✅ Concordant
Reference_Substance_0660,100660-0,COC(=O)c1ccc(O)cc1C,Sensitizer (Cat. 1A/1B),61.8,171.6,-3.9,47.2,Sensitizer (Cat. 1A/1B),✅ Concordant
Reference_Substance_0661,100661-0,Cc1ccccc1C=CC=O,Non-Sensitizer,52.4,83.6,-7.14,33.3,Sensitizer (Cat. 1A/1B),⚠️ Discordant (Assay Variance)
Reference_Substance_0662,100662-0,C=OC,Sensitizer (Cat. 1A/1B),53.0,35.9,-3.41,30.3,Non-Sensitizer,✅ Concordant
Reference_Substance_0663,100663-0,CCC=CC=O,Non-Sensitizer,64.3,248.3,-6.74,91.7,Sensitizer (Cat. 1A/1B),✅ Concordant
Reference_Substance_0664,100664-0,C=CCc1ccc(O)c(OC)c1C,Sensitizer (Cat. 1A/1B),53.0,14.0,-5.59,53.7,Sensitizer (Cat. 1A/1B),⚠️ Discordant (Assay Variance)
Reference_Substance_0665,100665-0,CCC(C)=CCCC(C)=CCO,Non-Sensitizer,49.3,345.2,-5.19,70.9,Sensitizer (Cat. 1A/1B),✅ Concordant
Reference_Substance_0666,100666-0,CC(CCCC(C)(C)O)CC=OC,Sensitizer (Cat. 1A/1B),67.3,95.5,-2.87,40.2,Sensitizer (Cat. 1A/1B),✅ Concordant
Reference_Substance_0667,100667-0,O=c1ccoc2ccccc12C,Non-Sensitizer,59.4,5.0,-6.45,84.2,Non-Sensitizer,⚠️ Discordant (Assay Variance)
Reference_Substance_0668,100668-0,Cc1ccccc1COCCO,Sensitizer (Cat. 1A/1B),98.1,178.9,-7.96,29.3,Non-Sensitizer,✅ Concordant
Reference_Substance_0669,100669-0,COCC(O)CO,Non-Sensitizer,6.7,12.0,-4.01,66.6,Sensitizer (Cat. 1A/1B),✅ Concordant
Reference_Substance_0670,100670-0,COC(=O)c1ccc(O)cc1C,Sensitizer (Cat. 1A/1B),89.0,80.8,-6.8,48.1,Sensitizer (Cat. 1A/1B),⚠️ Discordant (Assay Variance)
Reference_Substance_0671,100671-0,Cc1ccccc1C=CC=O,Non-Sensitizer,92.4,306.9,-6.23,42.1,Non-Sensitizer,✅ Concordant
Reference_Substance_0672,100672-0,C=OC,Sensitizer (Cat. 1A/1B),19.4,16.2,-7.14,51.3,Non-Sensitizer,✅ Concordant
Reference_Substance_0673,100673-0,CCC=CC=O,Non-Sensitizer,57.5,457.1,-6.23,79.2,Sensitizer (Cat. 1A/1B),⚠️ Discordant (Assay Variance)
Reference_Substance_0674,100674-0,C=CCc1ccc(O)c(OC)c1C,Sensitizer (Cat. 1A/1B),56.8,5.0,-6.81,25.4,Non-Sensitizer,✅ Concordant
Reference_Substance_0675,100675-0,CCC(C)=CCCC(C)=CCO,Non-Sensitizer,34.0,70.9,-4.99,29.0,Non-Sensitizer,✅ Concordant
Reference_Substance_0676,100676-0,CC(CCCC(C)(C)O)CC=OC,Sensitizer (Cat. 1A/1B),47.9,337.6,-5.7,43.3,Sensitizer (Cat. 1A/1B),⚠️ Discordant (Assay Variance)
Reference_Substance_0677,100677-0,O=c1ccoc2ccccc12C,Non-Sensitizer,40.6,95.0,-6.62,63.0,Sensitizer (Cat. 1A/1B),✅ Concordant
Reference_Substance_0678,100678-0,Cc1ccccc1COCCO,Sensitizer (Cat. 1A/1B),99.5,26.9,-4.6,60.7,Sensitizer (Cat. 1A/1B),✅ Concordant
Reference_Substance_0679,100679-0,COCC(O)CO,Non-Sensitizer,85.6,111.7,-5.49,36.0,Non-Sensitizer,⚠️ Discordant (Assay Variance)
Reference_Substance_0680,100680-0,COC(=O)c1ccc(O)cc1C,Sensitizer (Cat. 1A/1B),93.0,78.8,-8.02,77.8,Sensitizer (Cat. 1A/1B),✅ Concordant
Reference_Substance_0681,100681-0,Cc1ccccc1C=CC=O,Non-Sensitizer,80.9,462.4,-4.7,80.3,Non-Sensitizer,✅ Concordant
Reference_Substance_0682,100682-0,C=OC,Sensitizer (Cat. 1A/1B),40.2,94.0,-5.58,35.4,Sensitizer (Cat. 1A/1B),⚠️ Discordant (Assay Variance)
Reference_Substance_0683,100683-0,CCC=CC=O,Non-Sensitizer,53.5,388.9,-4.13,54.4,Sensitizer (Cat. 1A/1B),✅ Concordant
Reference_Substance_0684,100684-0,C=CCc1ccc(O)c(OC)c1C,Sensitizer (Cat. 1A/1B),75.8,556.1,-5.65,41.4,Sensitizer (Cat. 1A/1B),✅ Concordant
Reference_Substance_0685,100685-0,CCC(C)=CCCC(C)=CCO,Non-Sensitizer,38.1,142.2,-6.75,68.0,Sensitizer (Cat. 1A/1B),⚠️ Discordant (Assay Variance)
Reference_Substance_0686,100686-0,CC(CCCC(C)(C)O)CC=OC,Sensitizer (Cat. 1A/1B),80.7,601.8,-6.05,20.9,Sensitizer (Cat. 1A/1B),✅ Concordant
Reference_Substance_0687,100687-0,O=c1ccoc2ccccc12C,Non-Sensitizer,59.7,118.4,-4.84,46.2,Sensitizer (Cat. 1A/1B),✅ Concordant
Reference_Substance_0688,100688-0,Cc1ccccc1COCCO,Sensitizer (Cat. 1A/1B),56.8,831.6,-6.72,60.1,Sensitizer (Cat. 1A/1B),⚠️ Discordant (Assay Variance)
Reference_Substance_0689,100689-0,COCC(O)CO,Non-Sensitizer,80.6,23.4,-6.33,55.6,Non-Sensitizer,✅ Concordant
Reference_Substance_0690,100690-0,COC(=O)c1ccc(O)cc1C,Sensitizer (Cat. 1A/1B),74.8,290.4,-6.07,34.8,Sensitizer (Cat. 1A/1B),✅ Concordant
Reference_Substance_0691,100691-0,Cc1ccccc1C=CC=O,Non-Sensitizer,57.1,170.2,-7.18,29.7,Sensitizer (Cat. 1A/1B),⚠️ Discordant (Assay Variance)
Reference_Substance_0692,100692-0,C=OC,Sensitizer (Cat. 1A/1B),90.5,122.6,-6.71,57.1,Non-Sensitizer,✅ Concordant
Reference_Substance_0693,100693-0,CCC=CC=O,Non-Sensitizer,41.2,250.4,-5.59,58.3,Sensitizer (Cat. 1A/1B),✅ Concordant
Reference_Substance_0694,100694-0,C=CCc1ccc(O)c(OC)c1C,Sensitizer (Cat. 1A/1B),78.6,304.2,-4.36,31.0,Sensitizer (Cat. 1A/1B),⚠️ Discordant (Assay Variance)
Reference_Substance_0695,100695-0,CCC(C)=CCCC(C)=CCO,Non-Sensitizer,78.0,5.0,-5.42,32.1,Sensitizer (Cat. 1A/1B),✅ Concordant
Reference_Substance_0696,100696-0,CC(CCCC(C)(C)O)CC=OC,Sensitizer (Cat. 1A/1B),58.2,45.7,-5.86,57.0,Non-Sensitizer,✅ Concordant
Reference_Substance_0697,100697-0,O=c1ccoc2ccccc12C,Non-Sensitizer,72.2,312.1,-6.8,70.8,Sensitizer (Cat. 1A/1B),⚠️ Discordant (Assay Variance)
Reference_Substance_0698,100698-0,Cc1ccccc1COCCO,Sensitizer (Cat. 1A/1B),37.5,274.4,-4.49,68.8,Non-Sensitizer,✅ Concordant
Reference_Substance_0699,100699-0,COCC(O)CO,Non-Sensitizer,85.3,845.7,-5.28,36.9,Sensitizer (Cat. 1A/1B),✅ Concordant
Reference_Substance_0700,100700-0,COC(=O)c1ccc(O)cc1C,Sensitizer (Cat. 1A/1B),60.9,357.9,-6.65,35.6,Non-Sensitizer,⚠️ Discordant (Assay Variance)
Reference_Substance_0701,100701-0,Cc1ccccc1C=CC=O,Non-Sensitizer,53.5,752.8,-4.72,32.2,Non-Sensitizer,✅ Concordant
Reference_Substance_0702,100702-0,C=OC,Sensitizer (Cat. 1A/1B),88.1,303.1,-5.13,32.5,Sensitizer (Cat. 1A/1B),✅ Concordant
Reference_Substance_0703,100703-0,CCC=CC=O,Non-Sensitizer,49.5,88.5,-6.78,31.1,Sensitizer (Cat. 1A/1B),⚠️ Discordant (Assay Variance)
Reference_Substance_0704,100704-0,C=CCc1ccc(O)c(OC)c1C,Sensitizer (Cat. 1A/1B),34.0,27.8,-5.92,63.8,Non-Sensitizer,✅ Concordant
Reference_Substance_0705,100705-0,CCC(C)=CCCC(C)=CCO,Non-Sensitizer,30.8,380.6,-6.39,51.7,Sensitizer (Cat. 1A/1B),✅ Concordant
Reference_Substance_0706,100706-0,CC(CCCC(C)(C)O)CC=OC,Sensitizer (Cat. 1A/1B),78.3,258.3,-2.64,78.9,Non-Sensitizer,⚠️ Discordant (Assay Variance)
Reference_Substance_0707,100707-0,O=c1ccoc2ccccc12C,Non-Sensitizer,36.8,12.3,-5.16,27.4,Sensitizer (Cat. 1A/1B),✅ Concordant
Reference_Substance_0708,100708-0,Cc1ccccc1COCCO,Sensitizer (Cat. 1A/1B),99.5,111.6,-5.58,50.2,Sensitizer (Cat. 1A/1B),✅ Concordant
Reference_Substance_0709,100709-0,COCC(O)CO,Non-Sensitizer,19.2,785.5,-5.23,40.5,Non-Sensitizer,⚠️ Discordant (Assay Variance)
Reference_Substance_0710,100710-0,COC(=O)c1ccc(O)cc1C,Sensitizer (Cat. 1A/1B),99.5,173.5,-4.15,11.9,Non-Sensitizer,✅ Concordant
Reference_Substance_0711,100711-0,Cc1ccccc1C=CC=O,Non-Sensitizer,69.6,141.7,-5.9,72.5,Non-Sensitizer,✅ Concordant
Reference_Substance_0712,100712-0,C=OC,Sensitizer (Cat. 1A/1B),62.9,153.0,-6.51,85.1,Sensitizer (Cat. 1A/1B),⚠️ Discordant (Assay Variance)
Reference_Substance_0713,100713-0,CCC=CC=O,Non-Sensitizer,53.0,58.6,-4.79,52.5,Non-Sensitizer,✅ Concordant
Reference_Substance_0714,100714-0,C=CCc1ccc(O)c(OC)c1C,Sensitizer (Cat. 1A/1B),73.8,115.0,-6.01,78.2,Non-Sensitizer,✅ Concordant
Reference_Substance_0715,100715-0,CCC(C)=CCCC(C)=CCO,Non-Sensitizer,64.2,115.4,-7.08,11.8,Sensitizer (Cat. 1A/1B),⚠️ Discordant (Assay Variance)
Reference_Substance_0716,100716-0,CC(CCCC(C)(C)O)CC=OC,Sensitizer (Cat. 1A/1B),89.3,13.4,-7.32,48.8,Sensitizer (Cat. 1A/1B),✅ Concordant
Reference_Substance_0717,100717-0,O=c1ccoc2ccccc12C,Non-Sensitizer,67.5,364.8,-3.96,26.3,Non-Sensitizer,✅ Concordant
Reference_Substance_0718,100718-0,Cc1ccccc1COCCO,Sensitizer (Cat. 1A/1B),68.3,134.7,-5.64,89.8,Non-Sensitizer,⚠️ Discordant (Assay Variance)
Reference_Substance_0719,100719-0,COCC(O)CO,Non-Sensitizer,57.0,431.7,-6.51,23.2,Sensitizer (Cat. 1A/1B),✅ Concordant
Reference_Substance_0720,100720-0,COC(=O)c1ccc(O)cc1C,Sensitizer (Cat. 1A/1B),63.7,474.9,-6.08,38.2,Non-Sensitizer,✅ Concordant
Reference_Substance_0721,100721-0,Cc1ccccc1C=CC=O,Non-Sensitizer,71.8,59.6,-4.83,49.2,Sensitizer (Cat. 1A/1B),⚠️ Discordant (Assay Variance)
Reference_Substance_0722,100722-0,C=OC,Sensitizer (Cat. 1A/1B),27.4,267.8,-6.15,6.3,Sensitizer (Cat. 1A/1B),✅ Concordant
Reference_Substance_0723,100723-0,CCC=CC=O,Non-Sensitizer,35.3,159.8,-7.54,48.6,Sensitizer (Cat. 1A/1B),✅ Concordant
Reference_Substance_0724,100724-0,C=CCc1ccc(O)c(OC)c1C,Sensitizer (Cat. 1A/1B),81.4,530.4,-5.41,42.2,Non-Sensitizer,⚠️ Discordant (Assay Variance)
Reference_Substance_0725,100725-0,CCC(C)=CCCC(C)=CCO,Non-Sensitizer,68.8,60.8,-4.35,68.2,Sensitizer (Cat. 1A/1B),✅ Concordant
Reference_Substance_0726,100726-0,CC(CCCC(C)(C)O)CC=OC,Sensitizer (Cat. 1A/1B),61.0,283.2,-4.43,73.6,Sensitizer (Cat. 1A/1B),✅ Concordant
Reference_Substance_0727,100727-0,O=c1ccoc2ccccc12C,Non-Sensitizer,65.4,234.0,-6.47,39.9,Non-Sensitizer,⚠️ Discordant (Assay Variance)
Reference_Substance_0728,100728-0,Cc1ccccc1COCCO,Sensitizer (Cat. 1A/1B),72.6,87.5,-4.28,32.3,Non-Sensitizer,✅ Concordant
Reference_Substance_0729,100729-0,COCC(O)CO,Non-Sensitizer,53.1,36.7,-5.54,8.9,Non-Sensitizer,✅ Concordant
Reference_Substance_0730,100730-0,COC(=O)c1ccc(O)cc1C,Sensitizer (Cat. 1A/1B),47.9,263.6,-4.31,72.8,Sensitizer (Cat. 1A/1B),⚠️ Discordant (Assay Variance)
Reference_Substance_0731,100731-0,Cc1ccccc1C=CC=O,Non-Sensitizer,69.3,335.4,-5.11,56.4,Non-Sensitizer,✅ Concordant
Reference_Substance_0732,100732-0,C=OC,Sensitizer (Cat. 1A/1B),43.5,94.8,-7.63,43.5,Sensitizer (Cat. 1A/1B),✅ Concordant
Reference_Substance_0733,100733-0,CCC=CC=O,Non-Sensitizer,74.0,258.8,-3.7,39.5,Non-Sensitizer,⚠️ Discordant (Assay Variance)
Reference_Substance_0734,100734-0,C=CCc1ccc(O)c(OC)c1C,Sensitizer (Cat. 1A/1B),27.5,125.7,-5.74,36.1,Sensitizer (Cat. 1A/1B),✅ Concordant
Reference_Substance_0735,100735-0,CCC(C)=CCCC(C)=CCO,Non-Sensitizer,87.6,312.2,-5.11,44.7,Non-Sensitizer,✅ Concordant
Reference_Substance_0736,100736-0,CC(CCCC(C)(C)O)CC=OC,Sensitizer (Cat. 1A/1B),75.4,55.5,-7.41,34.5,Non-Sensitizer,⚠️ Discordant (Assay Variance)
Reference_Substance_0737,100737-0,O=c1ccoc2ccccc12C,Non-Sensitizer,70.6,552.3,-5.19,71.9,Non-Sensitizer,✅ Concordant
Reference_Substance_0738,100738-0,Cc1ccccc1COCCO,Sensitizer (Cat. 1A/1B),86.6,84.7,-4.48,74.5,Non-Sensitizer,✅ Concordant
Reference_Substance_0739,100739-0,COCC(O)CO,Non-Sensitizer,99.5,114.6,-3.48,85.1,Sensitizer (Cat. 1A/1B),⚠️ Discordant (Assay Variance)
Reference_Substance_0740,100740-0,COC(=O)c1ccc(O)cc1C,Sensitizer (Cat. 1A/1B),87.3,15.0,-4.12,57.7,Sensitizer (Cat. 1A/1B),✅ Concordant
Reference_Substance_0741,100741-0,Cc1ccccc1C=CC=O,Non-Sensitizer,24.5,29.6,-5.13,52.0,Sensitizer (Cat. 1A/1B),✅ Concordant
Reference_Substance_0742,100742-0,C=OC,Sensitizer (Cat. 1A/1B),36.8,181.3,-7.65,64.4,Sensitizer (Cat. 1A/1B),⚠️ Discordant (Assay Variance)
Reference_Substance_0743,100743-0,CCC=CC=O,Non-Sensitizer,51.3,77.9,-5.64,71.2,Non-Sensitizer,✅ Concordant
Reference_Substance_0744,100744-0,C=CCc1ccc(O)c(OC)c1C,Sensitizer (Cat. 1A/1B),65.6,451.2,-6.51,32.5,Sensitizer (Cat. 1A/1B),✅ Concordant
Reference_Substance_0745,100745-0,CCC(C)=CCCC(C)=CCO,Non-Sensitizer,76.4,5.0,-5.52,42.0,Non-Sensitizer,⚠️ Discordant (Assay Variance)
Reference_Substance_0746,100746-0,CC(CCCC(C)(C)O)CC=OC,Sensitizer (Cat. 1A/1B),49.0,119.1,-7.26,49.6,Sensitizer (Cat. 1A/1B),✅ Concordant
Reference_Substance_0747,100747-0,O=c1ccoc2ccccc12C,Non-Sensitizer,69.1,102.9,-6.05,54.2,Sensitizer (Cat. 1A/1B),✅ Concordant
Reference_Substance_0748,100748-0,Cc1ccccc1COCCO,Sensitizer (Cat. 1A/1B),48.4,5.0,-6.42,62.7,Sensitizer (Cat. 1A/1B),⚠️ Discordant (Assay Variance)
Reference_Substance_0749,100749-0,COCC(O)CO,Non-Sensitizer,51.5,33.2,-6.46,75.8,Non-Sensitizer,✅ Concordant
Reference_Substance_0750,100750-0,COC(=O)c1ccc(O)cc1C,Sensitizer (Cat. 1A/1B),34.1,133.5,-6.45,28.5,Non-Sensitizer,✅ Concordant
Reference_Substance_0751,100751-0,Cc1ccccc1C=CC=O,Non-Sensitizer,44.7,169.7,-5.96,28.5,Non-Sensitizer,⚠️ Discordant (Assay Variance)
Reference_Substance_0752,100752-0,C=OC,Sensitizer (Cat. 1A/1B),35.3,129.5,-5.46,65.4,Sensitizer (Cat. 1A/1B),✅ Concordant
Reference_Substance_0753,100753-0,CCC=CC=O,Non-Sensitizer,43.5,189.3,-8.8,88.9,Non-Sensitizer,✅ Concordant
Reference_Substance_0754,100754-0,C=CCc1ccc(O)c(OC)c1C,Sensitizer (Cat. 1A/1B),88.2,226.0,-8.65,53.0,Sensitizer (Cat. 1A/1B),⚠️ Discordant (Assay Variance)
Reference_Substance_0755,100755-0,CCC(C)=CCCC(C)=CCO,Non-Sensitizer,44.1,5.0,-6.21,18.3,Non-Sensitizer,✅ Concordant
Reference_Substance_0756,100756-0,CC(CCCC(C)(C)O)CC=OC,Sensitizer (Cat. 1A/1B),99.5,155.9,-6.04,72.7,Sensitizer (Cat. 1A/1B),✅ Concordant
Reference_Substance_0757,100757-0,O=c1ccoc2ccccc12C,Non-Sensitizer,75.9,827.6,-5.57,24.6,Non-Sensitizer,⚠️ Discordant (Assay Variance)
Reference_Substance_0758,100758-0,Cc1ccccc1COCCO,Sensitizer (Cat. 1A/1B),69.1,183.0,-6.67,13.0,Sensitizer (Cat. 1A/1B),✅ Concordant
Reference_Substance_0759,100759-0,COCC(O)CO,Non-Sensitizer,46.1,282.9,-5.79,6.5,Non-Sensitizer,✅ Concordant
Reference_Substance_0760,100760-0,COC(=O)c1ccc(O)cc1C,Sensitizer (Cat. 1A/1B),80.4,93.4,-5.65,36.7,Non-Sensitizer,⚠️ Discordant (Assay Variance)
Reference_Substance_0761,100761-0,Cc1ccccc1C=CC=O,Non-Sensitizer,52.3,371.8,-6.68,15.9,Sensitizer (Cat. 1A/1B),✅ Concordant
Reference_Substance_0762,100762-0,C=OC,Sensitizer (Cat. 1A/1B),67.7,370.6,-4.58,37.0,Sensitizer (Cat. 1A/1B),✅ Concordant
Reference_Substance_0763,100763-0,CCC=CC=O,Non-Sensitizer,99.5,184.2,-5.59,61.5,Sensitizer (Cat. 1A/1B),⚠️ Discordant (Assay Variance)
Reference_Substance_0764,100764-0,C=CCc1ccc(O)c(OC)c1C,Sensitizer (Cat. 1A/1B),62.9,932.6,-5.14,56.3,Sensitizer (Cat. 1A/1B),✅ Concordant
Reference_Substance_0765,100765-0,CCC(C)=CCCC(C)=CCO,Non-Sensitizer,90.3,33.5,-5.72,62.0,Non-Sensitizer,✅ Concordant
Reference_Substance_0766,100766-0,CC(CCCC(C)(C)O)CC=OC,Sensitizer (Cat. 1A/1B),49.5,5.0,-3.28,55.2,Sensitizer (Cat. 1A/1B),⚠️ Discordant (Assay Variance)
Reference_Substance_0767,100767-0,O=c1ccoc2ccccc12C,Non-Sensitizer,64.2,367.6,-5.08,40.2,Sensitizer (Cat. 1A/1B),✅ Concordant
Reference_Substance_0768,100768-0,Cc1ccccc1COCCO,Sensitizer (Cat. 1A/1B),99.5,411.5,-6.39,88.6,Non-Sensitizer,✅ Concordant
Reference_Substance_0769,100769-0,COCC(O)CO,Non-Sensitizer,51.2,32.0,-4.81,65.2,Sensitizer (Cat. 1A/1B),⚠️ Discordant (Assay Variance)
Reference_Substance_0770,100770-0,COC(=O)c1ccc(O)cc1C,Sensitizer (Cat. 1A/1B),99.5,77.2,-7.77,69.9,Non-Sensitizer,✅ Concordant
Reference_Substance_0771,100771-0,Cc1ccccc1C=CC=O,Non-Sensitizer,80.6,5.0,-5.66,26.1,Non-Sensitizer,✅ Concordant
Reference_Substance_0772,100772-0,C=OC,Sensitizer (Cat. 1A/1B),52.6,86.8,-5.42,30.9,Sensitizer (Cat. 1A/1B),⚠️ Discordant (Assay Variance)
Reference_Substance_0773,100773-0,CCC=CC=O,Non-Sensitizer,78.9,370.9,-5.64,70.7,Sensitizer (Cat. 1A/1B),✅ Concordant
Reference_Substance_0774,100774-0,C=CCc1ccc(O)c(OC)c1C,Sensitizer (Cat. 1A/1B),86.4,182.4,-6.2,45.3,Non-Sensitizer,✅ Concordant
Reference_Substance_0775,100775-0,CCC(C)=CCCC(C)=CCO,Non-Sensitizer,78.7,107.0,-7.01,65.6,Sensitizer (Cat. 1A/1B),⚠️ Discordant (Assay Variance)
Reference_Substance_0776,100776-0,CC(CCCC(C)(C)O)CC=OC,Sensitizer (Cat. 1A/1B),30.5,116.2,-6.75,51.6,Sensitizer (Cat. 1A/1B),✅ Concordant
Reference_Substance_0777,100777-0,O=c1ccoc2ccccc12C,Non-Sensitizer,49.0,5.0,-5.68,28.9,Non-Sensitizer,✅ Concordant
Reference_Substance_0778,100778-0,Cc1ccccc1COCCO,Sensitizer (Cat. 1A/1B),59.6,89.1,-7.14,63.9,Sensitizer (Cat. 1A/1B),⚠️ Discordant (Assay Variance)
Reference_Substance_0779,100779-0,COCC(O)CO,Non-Sensitizer,63.4,259.9,-3.68,24.4,Non-Sensitizer,✅ Concordant
Reference_Substance_0780,100780-0,COC(=O)c1ccc(O)cc1C,Sensitizer (Cat. 1A/1B),78.7,914.3,-8.97,1.3,Non-Sensitizer,✅ Concordant
Reference_Substance_0781,100781-0,Cc1ccccc1C=CC=O,Non-Sensitizer,68.9,469.4,-6.19,85.7,Sensitizer (Cat. 1A/1B),⚠️ Discordant (Assay Variance)
Reference_Substance_0782,100782-0,C=OC,Sensitizer (Cat. 1A/1B),35.6,6.0,-5.67,57.0,Non-Sensitizer,✅ Concordant
Reference_Substance_0783,100783-0,CCC=CC=O,Non-Sensitizer,73.4,572.1,-5.19,37.1,Non-Sensitizer,✅ Concordant
Reference_Substance_0784,100784-0,C=CCc1ccc(O)c(OC)c1C,Sensitizer (Cat. 1A/1B),78.4,382.2,-6.9,77.4,Non-Sensitizer,⚠️ Discordant (Assay Variance)
Reference_Substance_0785,100785-0,CCC(C)=CCCC(C)=CCO,Non-Sensitizer,77.3,379.0,-4.44,47.8,Non-Sensitizer,✅ Concordant
Reference_Substance_0786,100786-0,CC(CCCC(C)(C)O)CC=OC,Sensitizer (Cat. 1A/1B),88.8,153.1,-7.47,37.6,Sensitizer (Cat. 1A/1B),✅ Concordant
Reference_Substance_0787,100787-0,O=c1ccoc2ccccc12C,Non-Sensitizer,83.3,126.9,-6.48,87.8,Non-Sensitizer,⚠️ Discordant (Assay Variance)
Reference_Substance_0788,100788-0,Cc1ccccc1COCCO,Sensitizer (Cat. 1A/1B),75.1,90.2,-5.06,92.0,Non-Sensitizer,✅ Concordant
Reference_Substance_0789,100789-0,COCC(O)CO,Non-Sensitizer,63.5,17.0,-4.55,57.4,Sensitizer (Cat. 1A/1B),✅ Concordant
Reference_Substance_0790,100790-0,COC(=O)c1ccc(O)cc1C,Sensitizer (Cat. 1A/1B),28.5,64.8,-7.48,98.9,Non-Sensitizer,⚠️ Discordant (Assay Variance)
Reference_Substance_0791,100791-0,Cc1ccccc1C=CC=O,Non-Sensitizer,74.5,70.8,-2.63,51.7,Sensitizer (Cat. 1A/1B),✅ Concordant
Reference_Substance_0792,100792-0,C=OC,Sensitizer (Cat. 1A/1B),69.6,165.4,-6.88,93.4,Sensitizer (Cat. 1A/1B),✅ Concordant
Reference_Substance_0793,100793-0,CCC=CC=O,Non-Sensitizer,71.0,344.0,-7.37,92.7,Non-Sensitizer,⚠️ Discordant (Assay Variance)
Reference_Substance_0794,100794-0,C=CCc1ccc(O)c(OC)c1C,Sensitizer (Cat. 1A/1B),36.9,160.5,-5.2,41.2,Non-Sensitizer,✅ Concordant
Reference_Substance_0795,100795-0,CCC(C)=CCCC(C)=CCO,Non-Sensitizer,41.2,14.9,-6.22,38.7,Non-Sensitizer,✅ Concordant
Reference_Substance_0796,100796-0,CC(CCCC(C)(C)O)CC=OC,Sensitizer (Cat. 1A/1B),88.2,791.3,-6.4,81.9,Sensitizer (Cat. 1A/1B),⚠️ Discordant (Assay Variance)
Reference_Substance_0797,100797-0,O=c1ccoc2ccccc12C,Non-Sensitizer,64.1,715.0,-5.09,91.5,Sensitizer (Cat. 1A/1B),✅ Concordant
Reference_Substance_0798,100798-0,Cc1ccccc1COCCO,Sensitizer (Cat. 1A/1B),80.0,384.5,-7.63,21.4,Non-Sensitizer,✅ Concordant
Reference_Substance_0799,100799-0,COCC(O)CO,Non-Sensitizer,65.6,1186.9,-7.84,79.5,Sensitizer (Cat. 1A/1B),⚠️ Discordant (Assay Variance)
Reference_Substance_0800,100800-0,COC(=O)c1ccc(O)cc1C,Sensitizer (Cat. 1A/1B),65.7,196.6,-6.52,68.1,Non-Sensitizer,✅ Concordant
Reference_Substance_0801,100801-0,Cc1ccccc1C=CC=O,Non-Sensitizer,85.6,822.6,-4.51,83.5,Sensitizer (Cat. 1A/1B),✅ Concordant
Reference_Substance_0802,100802-0,C=OC,Sensitizer (Cat. 1A/1B),53.6,19.7,-6.46,61.8,Sensitizer (Cat. 1A/1B),⚠️ Discordant (Assay Variance)
Reference_Substance_0803,100803-0,CCC=CC=O,Non-Sensitizer,67.1,113.8,-3.88,47.7,Sensitizer (Cat. 1A/1B),✅ Concordant
Reference_Substance_0804,100804-0,C=CCc1ccc(O)c(OC)c1C,Sensitizer (Cat. 1A/1B),54.8,63.8,-4.36,33.7,Non-Sensitizer,✅ Concordant
Reference_Substance_0805,100805-0,CCC(C)=CCCC(C)=CCO,Non-Sensitizer,55.4,54.5,-5.46,62.0,Non-Sensitizer,⚠️ Discordant (Assay Variance)
Reference_Substance_0806,100806-0,CC(CCCC(C)(C)O)CC=OC,Sensitizer (Cat. 1A/1B),58.2,37.9,-5.39,67.6,Sensitizer (Cat. 1A/1B),✅ Concordant
Reference_Substance_0807,100807-0,O=c1ccoc2ccccc12C,Non-Sensitizer,69.9,243.5,-5.46,11.0,Sensitizer (Cat. 1A/1B),✅ Concordant
Reference_Substance_0808,100808-0,Cc1ccccc1COCCO,Sensitizer (Cat. 1A/1B),54.5,380.0,-5.61,63.2,Sensitizer (Cat. 1A/1B),⚠️ Discordant (Assay Variance)
Reference_Substance_0809,100809-0,COCC(O)CO,Non-Sensitizer,92.6,215.9,-6.24,65.9,Sensitizer (Cat. 1A/1B),✅ Concordant
Reference_Substance_0810,100810-0,COC(=O)c1ccc(O)cc1C,Sensitizer (Cat. 1A/1B),45.3,39.7,-6.1,29.0,Sensitizer (Cat. 1A/1B),✅ Concordant
Reference_Substance_0811,100811-0,Cc1ccccc1C=CC=O,Non-Sensitizer,60.9,416.7,-7.08,88.6,Non-Sensitizer,⚠️ Discordant (Assay Variance)
Reference_Substance_0812,100812-0,C=OC,Sensitizer (Cat. 1A/1B),55.3,252.6,-8.45,54.9,Non-Sensitizer,✅ Concordant
Reference_Substance_0813,100813-0,CCC=CC=O,Non-Sensitizer,96.8,122.8,-4.48,60.3,Sensitizer (Cat. 1A/1B),✅ Concordant
Reference_Substance_0814,100814-0,C=CCc1ccc(O)c(OC)c1C,Sensitizer (Cat. 1A/1B),69.3,280.3,-5.61,73.3,Sensitizer (Cat. 1A/1B),⚠️ Discordant (Assay Variance)
Reference_Substance_0815,100815-0,CCC(C)=CCCC(C)=CCO,Non-Sensitizer,87.7,75.2,-5.79,41.8,Non-Sensitizer,✅ Concordant
Reference_Substance_0816,100816-0,CC(CCCC(C)(C)O)CC=OC,Sensitizer (Cat. 1A/1B),32.3,105.9,-5.32,86.8,Non-Sensitizer,✅ Concordant
Reference_Substance_0817,100817-0,O=c1ccoc2ccccc12C,Non-Sensitizer,70.9,623.7,-6.79,75.9,Sensitizer (Cat. 1A/1B),⚠️ Discordant (Assay Variance)
Reference_Substance_0818,100818-0,Cc1ccccc1COCCO,Sensitizer (Cat. 1A/1B),84.6,85.8,-7.0,59.7,Non-Sensitizer,✅ Concordant
Reference_Substance_0819,100819-0,COCC(O)CO,Non-Sensitizer,66.8,158.7,-6.14,19.6,Sensitizer (Cat. 1A/1B),✅ Concordant
Reference_Substance_0820,100820-0,COC(=O)c1ccc(O)cc1C,Sensitizer (Cat. 1A/1B),88.4,552.1,-4.16,68.6,Non-Sensitizer,⚠️ Discordant (Assay Variance)
Reference_Substance_0821,100821-0,Cc1ccccc1C=CC=O,Non-Sensitizer,53.6,307.5,-7.2,26.1,Non-Sensitizer,✅ Concordant
Reference_Substance_0822,100822-0,C=OC,Sensitizer (Cat. 1A/1B),96.0,16.1,-8.95,83.1,Non-Sensitizer,✅ Concordant
Reference_Substance_0823,100823-0,CCC=CC=O,Non-Sensitizer,99.5,39.8,-6.43,83.8,Non-Sensitizer,⚠️ Discordant (Assay Variance)
Reference_Substance_0824,100824-0,C=CCc1ccc(O)c(OC)c1C,Sensitizer (Cat. 1A/1B),57.0,5.0,-4.43,39.4,Non-Sensitizer,✅ Concordant
Reference_Substance_0825,100825-0,CCC(C)=CCCC(C)=CCO,Non-Sensitizer,55.2,249.2,-7.88,27.5,Non-Sensitizer,✅ Concordant
Reference_Substance_0826,100826-0,CC(CCCC(C)(C)O)CC=OC,Sensitizer (Cat. 1A/1B),97.0,148.4,-7.22,68.5,Sensitizer (Cat. 1A/1B),⚠️ Discordant (Assay Variance)
Reference_Substance_0827,100827-0,O=c1ccoc2ccccc12C,Non-Sensitizer,99.5,36.0,-5.48,8.2,Non-Sensitizer,✅ Concordant
Reference_Substance_0828,100828-0,Cc1ccccc1COCCO,Sensitizer (Cat. 1A/1B),53.5,792.1,-2.72,74.0,Non-Sensitizer,✅ Concordant
Reference_Substance_0829,100829-0,COCC(O)CO,Non-Sensitizer,55.8,188.6,-7.43,51.2,Non-Sensitizer,⚠️ Discordant (Assay Variance)
Reference_Substance_0830,100830-0,COC(=O)c1ccc(O)cc1C,Sensitizer (Cat. 1A/1B),58.8,69.2,-7.48,26.5,Non-Sensitizer,✅ Concordant
Reference_Substance_0831,100831-0,Cc1ccccc1C=CC=O,Non-Sensitizer,35.4,173.6,-5.39,58.0,Non-Sensitizer,✅ Concordant
Reference_Substance_0832,100832-0,C=OC,Sensitizer (Cat. 1A/1B),44.8,284.6,-4.35,59.5,Non-Sensitizer,⚠️ Discordant (Assay Variance)
Reference_Substance_0833,100833-0,CCC=CC=O,Non-Sensitizer,42.9,19.8,-6.55,50.5,Non-Sensitizer,✅ Concordant
Reference_Substance_0834,100834-0,C=CCc1ccc(O)c(OC)c1C,Sensitizer (Cat. 1A/1B),48.1,80.3,-7.75,48.3,Sensitizer (Cat. 1A/1B),✅ Concordant
Reference_Substance_0835,100835-0,CCC(C)=CCCC(C)=CCO,Non-Sensitizer,64.2,411.2,-5.28,53.4,Sensitizer (Cat. 1A/1B),⚠️ Discordant (Assay Variance)
Reference_Substance_0836,100836-0,CC(CCCC(C)(C)O)CC=OC,Sensitizer (Cat. 1A/1B),70.2,153.9,-5.06,33.3,Non-Sensitizer,✅ Concordant
Reference_Substance_0837,100837-0,O=c1ccoc2ccccc12C,Non-Sensitizer,99.1,197.7,-3.67,34.3,Non-Sensitizer,✅ Concordant
Reference_Substance_0838,100838-0,Cc1ccccc1COCCO,Sensitizer (Cat. 1A/1B),43.0,141.8,-5.01,50.5,Sensitizer (Cat. 1A/1B),⚠️ Discordant (Assay Variance)
Reference_Substance_0839,100839-0,COCC(O)CO,Non-Sensitizer,86.7,11.2,-4.81,50.6,Sensitizer (Cat. 1A/1B),✅ Concordant
Reference_Substance_0840,100840-0,COC(=O)c1ccc(O)cc1C,Sensitizer (Cat. 1A/1B),60.3,45.3,-6.11,47.5,Non-Sensitizer,✅ Concordant
Reference_Substance_0841,100841-0,Cc1ccccc1C=CC=O,Non-Sensitizer,63.9,147.4,-2.87,91.9,Sensitizer (Cat. 1A/1B),⚠️ Discordant (Assay Variance)
Reference_Substance_0842,100842-0,C=OC,Sensitizer (Cat. 1A/1B),79.8,58.7,-6.28,67.0,Sensitizer (Cat. 1A/1B),✅ Concordant
Reference_Substance_0843,100843-0,CCC=CC=O,Non-Sensitizer,40.3,12.8,-6.53,61.2,Non-Sensitizer,✅ Concordant
Reference_Substance_0844,100844-0,C=CCc1ccc(O)c(OC)c1C,Sensitizer (Cat. 1A/1B),73.4,463.9,-3.63,44.7,Sensitizer (Cat. 1A/1B),⚠️ Discordant (Assay Variance)
Reference_Substance_0845,100845-0,CCC(C)=CCCC(C)=CCO,Non-Sensitizer,68.7,993.4,-7.57,67.6,Sensitizer (Cat. 1A/1B),✅ Concordant
Reference_Substance_0846,100846-0,CC(CCCC(C)(C)O)CC=OC,Sensitizer (Cat. 1A/1B),75.8,393.9,-8.02,65.5,Sensitizer (Cat. 1A/1B),✅ Concordant
Reference_Substance_0847,100847-0,O=c1ccoc2ccccc12C,Non-Sensitizer,71.4,480.7,-5.66,50.4,Sensitizer (Cat. 1A/1B),⚠️ Discordant (Assay Variance)
Reference_Substance_0848,100848-0,Cc1ccccc1COCCO,Sensitizer (Cat. 1A/1B),99.5,69.3,-5.8,43.5,Sensitizer (Cat. 1A/1B),✅ Concordant
Reference_Substance_0849,100849-0,COCC(O)CO,Non-Sensitizer,51.0,808.7,-6.07,17.0,Non-Sensitizer,✅ Concordant
Reference_Substance_0850,100850-0,COC(=O)c1ccc(O)cc1C,Sensitizer (Cat. 1A/1B),53.3,54.8,-4.61,67.9,Sensitizer (Cat. 1A/1B),⚠️ Discordant (Assay Variance)
Reference_Substance_0851,100851-0,Cc1ccccc1C=CC=O,Non-Sensitizer,51.3,756.2,-6.89,67.4,Sensitizer (Cat. 1A/1B),✅ Concordant
Reference_Substance_0852,100852-0,C=OC,Sensitizer (Cat. 1A/1B),52.8,1315.7,-5.72,31.9,Sensitizer (Cat. 1A/1B),✅ Concordant
Reference_Substance_0853,100853-0,CCC=CC=O,Non-Sensitizer,51.0,311.0,-6.23,26.9,Non-Sensitizer,⚠️ Discordant (Assay Variance)
Reference_Substance_0854,100854-0,C=CCc1ccc(O)c(OC)c1C,Sensitizer (Cat. 1A/1B),91.2,992.7,-6.87,14.9,Non-Sensitizer,✅ Concordant
Reference_Substance_0855,100855-0,CCC(C)=CCCC(C)=CCO,Non-Sensitizer,96.3,210.7,-5.87,52.2,Sensitizer (Cat. 1A/1B),✅ Concordant
Reference_Substance_0856,100856-0,CC(CCCC(C)(C)O)CC=OC,Sensitizer (Cat. 1A/1B),52.4,75.1,-4.78,69.7,Sensitizer (Cat. 1A/1B),⚠️ Discordant (Assay Variance)
Reference_Substance_0857,100857-0,O=c1ccoc2ccccc12C,Non-Sensitizer,46.7,143.6,-3.26,12.1,Non-Sensitizer,✅ Concordant
Reference_Substance_0858,100858-0,Cc1ccccc1COCCO,Sensitizer (Cat. 1A/1B),75.4,225.1,-5.1,41.5,Sensitizer (Cat. 1A/1B),✅ Concordant
Reference_Substance_0859,100859-0,COCC(O)CO,Non-Sensitizer,52.9,19.0,-8.81,49.0,Non-Sensitizer,⚠️ Discordant (Assay Variance)
Reference_Substance_0860,100860-0,COC(=O)c1ccc(O)cc1C,Sensitizer (Cat. 1A/1B),78.9,243.4,-5.85,40.9,Sensitizer (Cat. 1A/1B),✅ Concordant
Reference_Substance_0861,100861-0,Cc1ccccc1C=CC=O,Non-Sensitizer,69.5,993.2,-5.74,71.4,Sensitizer (Cat. 1A/1B),✅ Concordant
Reference_Substance_0862,100862-0,C=OC,Sensitizer (Cat. 1A/1B),31.7,52.7,-4.68,12.5,Sensitizer (Cat. 1A/1B),⚠️ Discordant (Assay Variance)
Reference_Substance_0863,100863-0,CCC=CC=O,Non-Sensitizer,99.0,393.3,-5.58,57.1,Sensitizer (Cat. 1A/1B),✅ Concordant
Reference_Substance_0864,100864-0,C=CCc1ccc(O)c(OC)c1C,Sensitizer (Cat. 1A/1B),99.5,596.2,-4.3,18.8,Non-Sensitizer,✅ Concordant
Reference_Substance_0865,100865-0,CCC(C)=CCCC(C)=CCO,Non-Sensitizer,51.5,719.3,-5.33,66.1,Non-Sensitizer,⚠️ Discordant (Assay Variance)
Reference_Substance_0866,100866-0,CC(CCCC(C)(C)O)CC=OC,Sensitizer (Cat. 1A/1B),56.5,805.6,-3.93,37.6,Sensitizer (Cat. 1A/1B),✅ Concordant
Reference_Substance_0867,100867-0,O=c1ccoc2ccccc12C,Non-Sensitizer,71.3,184.3,-6.33,14.1,Sensitizer (Cat. 1A/1B),✅ Concordant
Reference_Substance_0868,100868-0,Cc1ccccc1COCCO,Sensitizer (Cat. 1A/1B),72.4,946.4,-5.63,19.9,Non-Sensitizer,⚠️ Discordant (Assay Variance)
Reference_Substance_0869,100869-0,COCC(O)CO,Non-Sensitizer,79.5,354.0,-4.81,75.8,Non-Sensitizer,✅ Concordant
Reference_Substance_0870,100870-0,COC(=O)c1ccc(O)cc1C,Sensitizer (Cat. 1A/1B),99.5,44.1,-6.49,32.3,Sensitizer (Cat. 1A/1B),✅ Concordant
Reference_Substance_0871,100871-0,Cc1ccccc1C=CC=O,Non-Sensitizer,61.1,162.0,-6.75,64.3,Non-Sensitizer,⚠️ Discordant (Assay Variance)
Reference_Substance_0872,100872-0,C=OC,Sensitizer (Cat. 1A/1B),47.4,316.8,-6.56,8.5,Non-Sensitizer,✅ Concordant
Reference_Substance_0873,100873-0,CCC=CC=O,Non-Sensitizer,34.7,71.0,-6.7,34.5,Non-Sensitizer,✅ Concordant
Reference_Substance_0874,100874-0,C=CCc1ccc(O)c(OC)c1C,Sensitizer (Cat. 1A/1B),48.9,255.8,-5.17,50.9,Non-Sensitizer,⚠️ Discordant (Assay Variance)
Reference_Substance_0875,100875-0,CCC(C)=CCCC(C)=CCO,Non-Sensitizer,64.3,274.6,-8.0,34.0,Sensitizer (Cat. 1A/1B),✅ Concordant
Reference_Substance_0876,100876-0,CC(CCCC(C)(C)O)CC=OC,Sensitizer (Cat. 1A/1B),99.5,44.4,-7.67,54.4,Non-Sensitizer,✅ Concordant
Reference_Substance_0877,100877-0,O=c1ccoc2ccccc12C,Non-Sensitizer,53.6,208.2,-3.56,85.3,Non-Sensitizer,⚠️ Discordant (Assay Variance)
Reference_Substance_0878,100878-0,Cc1ccccc1COCCO,Sensitizer (Cat. 1A/1B),69.9,369.2,-6.67,23.4,Sensitizer (Cat. 1A/1B),✅ Concordant
Reference_Substance_0879,100879-0,COCC(O)CO,Non-Sensitizer,64.6,172.7,-5.56,46.4,Sensitizer (Cat. 1A/1B),✅ Concordant
Reference_Substance_0880,100880-0,COC(=O)c1ccc(O)cc1C,Sensitizer (Cat. 1A/1B),91.1,5.0,-7.59,19.2,Non-Sensitizer,⚠️ Discordant (Assay Variance)
Reference_Substance_0881,100881-0,Cc1ccccc1C=CC=O,Non-Sensitizer,99.5,5.0,-5.69,17.8,Sensitizer (Cat. 1A/1B),✅ Concordant
Reference_Substance_0882,100882-0,C=OC,Sensitizer (Cat. 1A/1B),53.3,110.4,-6.66,16.6,Non-Sensitizer,✅ Concordant
Reference_Substance_0883,100883-0,CCC=CC=O,Non-Sensitizer,54.2,651.6,-7.68,23.8,Non-Sensitizer,⚠️ Discordant (Assay Variance)
Reference_Substance_0884,100884-0,C=CCc1ccc(O)c(OC)c1C,Sensitizer (Cat. 1A/1B),88.0,64.9,-4.2,38.9,Sensitizer (Cat. 1A/1B),✅ Concordant
Reference_Substance_0885,100885-0,CCC(C)=CCCC(C)=CCO,Non-Sensitizer,80.0,251.5,-4.38,67.6,Sensitizer (Cat. 1A/1B),✅ Concordant
Reference_Substance_0886,100886-0,CC(CCCC(C)(C)O)CC=OC,Sensitizer (Cat. 1A/1B),99.5,62.8,-5.93,52.2,Sensitizer (Cat. 1A/1B),⚠️ Discordant (Assay Variance)
Reference_Substance_0887,100887-0,O=c1ccoc2ccccc12C,Non-Sensitizer,77.8,97.0,-4.6,26.2,Non-Sensitizer,✅ Concordant
Reference_Substance_0888,100888-0,Cc1ccccc1COCCO,Sensitizer (Cat. 1A/1B),57.1,471.0,-3.52,4.3,Non-Sensitizer,✅ Concordant
Reference_Substance_0889,100889-0,COCC(O)CO,Non-Sensitizer,78.0,326.3,-4.9,81.7,Sensitizer (Cat. 1A/1B),⚠️ Discordant (Assay Variance)
Reference_Substance_0890,100890-0,COC(=O)c1ccc(O)cc1C,Sensitizer (Cat. 1A/1B),89.4,25.1,-5.22,58.9,Sensitizer (Cat. 1A/1B),✅ Concordant
Reference_Substance_0891,100891-0,Cc1ccccc1C=CC=O,Non-Sensitizer,83.1,140.0,-5.56,77.2,Non-Sensitizer,✅ Concordant
Reference_Substance_0892,100892-0,C=OC,Sensitizer (Cat. 1A/1B),76.2,7.4,-5.02,44.0,Sensitizer (Cat. 1A/1B),⚠️ Discordant (Assay Variance)
Reference_Substance_0893,100893-0,CCC=CC=O,Non-Sensitizer,88.5,163.9,-6.24,68.5,Sensitizer (Cat. 1A/1B),✅ Concordant
Reference_Substance_0894,100894-0,C=CCc1ccc(O)c(OC)c1C,Sensitizer (Cat. 1A/1B),90.7,271.5,-6.13,16.0,Non-Sensitizer,✅ Concordant
Reference_Substance_0895,100895-0,CCC(C)=CCCC(C)=CCO,Non-Sensitizer,95.4,31.5,-5.26,23.7,Sensitizer (Cat. 1A/1B),⚠️ Discordant (Assay Variance)
Reference_Substance_0896,100896-0,CC(CCCC(C)(C)O)CC=OC,Sensitizer (Cat. 1A/1B),79.3,85.2,-6.37,68.1,Sensitizer (Cat. 1A/1B),✅ Concordant
Reference_Substance_0897,100897-0,O=c1ccoc2ccccc12C,Non-Sensitizer,61.3,126.8,-6.24,86.7,Non-Sensitizer,✅ Concordant
Reference_Substance_0898,100898-0,Cc1ccccc1COCCO,Sensitizer (Cat. 1A/1B),68.2,630.0,-5.8,72.1,Sensitizer (Cat. 1A/1B),⚠️ Discordant (Assay Variance)
Reference_Substance_0899,100899-0,COCC(O)CO,Non-Sensitizer,91.5,1249.7,-4.42,35.4,Sensitizer (Cat. 1A/1B),✅ Concordant
Reference_Substance_0900,100900-0,COC(=O)c1ccc(O)cc1C,Sensitizer (Cat. 1A/1B),47.0,11.5,-7.16,56.0,Sensitizer (Cat. 1A/1B),✅ Concordant
Reference_Substance_0901,100901-0,Cc1ccccc1C=CC=O,Non-Sensitizer,73.1,357.8,-4.89,32.3,Sensitizer (Cat. 1A/1B),⚠️ Discordant (Assay Variance)
Reference_Substance_0902,100902-0,C=OC,Sensitizer (Cat. 1A/1B),56.3,116.2,-4.85,88.7,Non-Sensitizer,✅ Concordant
Reference_Substance_0903,100903-0,CCC=CC=O,Non-Sensitizer,65.6,124.6,-4.86,93.6,Non-Sensitizer,✅ Concordant
Reference_Substance_0904,100904-0,C=CCc1ccc(O)c(OC)c1C,Sensitizer (Cat. 1A/1B),93.1,350.9,-6.77,79.1,Non-Sensitizer,⚠️ Discordant (Assay Variance)
Reference_Substance_0905,100905-0,CCC(C)=CCCC(C)=CCO,Non-Sensitizer,69.2,626.6,-7.83,61.6,Sensitizer (Cat. 1A/1B),✅ Concordant
Reference_Substance_0906,100906-0,CC(CCCC(C)(C)O)CC=OC,Sensitizer (Cat. 1A/1B),66.0,753.6,-5.13,31.6,Non-Sensitizer,✅ Concordant
Reference_Substance_0907,100907-0,O=c1ccoc2ccccc12C,Non-Sensitizer,35.1,215.2,-5.57,33.1,Non-Sensitizer,⚠️ Discordant (Assay Variance)
Reference_Substance_0908,100908-0,Cc1ccccc1COCCO,Sensitizer (Cat. 1A/1B),81.4,110.4,-4.59,77.8,Sensitizer (Cat. 1A/1B),✅ Concordant
Reference_Substance_0909,100909-0,COCC(O)CO,Non-Sensitizer,79.2,387.3,-6.64,41.9,Sensitizer (Cat. 1A/1B),✅ Concordant
Reference_Substance_0910,100910-0,COC(=O)c1ccc(O)cc1C,Sensitizer (Cat. 1A/1B),99.5,72.3,-4.89,27.7,Non-Sensitizer,⚠️ Discordant (Assay Variance)
Reference_Substance_0911,100911-0,Cc1ccccc1C=CC=O,Non-Sensitizer,58.2,207.6,-4.53,58.0,Non-Sensitizer,✅ Concordant
Reference_Substance_0912,100912-0,C=OC,Sensitizer (Cat. 1A/1B),69.8,111.0,-5.91,68.0,Sensitizer (Cat. 1A/1B),✅ Concordant
Reference_Substance_0913,100913-0,CCC=CC=O,Non-Sensitizer,70.5,267.2,-5.3,36.1,Sensitizer (Cat. 1A/1B),⚠️ Discordant (Assay Variance)
Reference_Substance_0914,100914-0,C=CCc1ccc(O)c(OC)c1C,Sensitizer (Cat. 1A/1B),99.5,68.7,-5.34,88.6,Non-Sensitizer,✅ Concordant
Reference_Substance_0915,100915-0,CCC(C)=CCCC(C)=CCO,Non-Sensitizer,62.9,53.2,-6.79,19.1,Non-Sensitizer,✅ Concordant
Reference_Substance_0916,100916-0,CC(CCCC(C)(C)O)CC=OC,Sensitizer (Cat. 1A/1B),71.1,626.0,-5.16,12.5,Sensitizer (Cat. 1A/1B),⚠️ Discordant (Assay Variance)
Reference_Substance_0917,100917-0,O=c1ccoc2ccccc12C,Non-Sensitizer,78.4,26.8,-3.85,60.0,Sensitizer (Cat. 1A/1B),✅ Concordant
Reference_Substance_0918,100918-0,Cc1ccccc1COCCO,Sensitizer (Cat. 1A/1B),69.1,176.3,-5.77,51.1,Non-Sensitizer,✅ Concordant
Reference_Substance_0919,100919-0,COCC(O)CO,Non-Sensitizer,55.2,62.4,-7.55,76.4,Sensitizer (Cat. 1A/1B),⚠️ Discordant (Assay Variance)
Reference_Substance_0920,100920-0,COC(=O)c1ccc(O)cc1C,Sensitizer (Cat. 1A/1B),69.3,9.9,-6.62,63.3,Non-Sensitizer,✅ Concordant
Reference_Substance_0921,100921-0,Cc1ccccc1C=CC=O,Non-Sensitizer,88.6,9.2,-7.94,90.8,Non-Sensitizer,✅ Concordant
Reference_Substance_0922,100922-0,C=OC,Sensitizer (Cat. 1A/1B),42.4,48.2,-4.25,25.0,Non-Sensitizer,⚠️ Discordant (Assay Variance)
Reference_Substance_0923,100923-0,CCC=CC=O,Non-Sensitizer,67.9,503.9,-4.88,58.1,Non-Sensitizer,✅ Concordant
Reference_Substance_0924,100924-0,C=CCc1ccc(O)c(OC)c1C,Sensitizer (Cat. 1A/1B),49.6,83.0,-6.4,54.2,Sensitizer (Cat. 1A/1B),✅ Concordant
Reference_Substance_0925,100925-0,CCC(C)=CCCC(C)=CCO,Non-Sensitizer,91.3,751.2,-7.5,31.4,Sensitizer (Cat. 1A/1B),⚠️ Discordant (Assay Variance)
Reference_Substance_0926,100926-0,CC(CCCC(C)(C)O)CC=OC,Sensitizer (Cat. 1A/1B),31.5,217.8,-6.8,28.4,Sensitizer (Cat. 1A/1B),✅ Concordant
Reference_Substance_0927,100927-0,O=c1ccoc2ccccc12C,Non-Sensitizer,52.7,143.4,-6.57,28.8,Non-Sensitizer,✅ Concordant
Reference_Substance_0928,100928-0,Cc1ccccc1COCCO,Sensitizer (Cat. 1A/1B),73.3,216.9,-5.67,37.9,Sensitizer (Cat. 1A/1B),⚠️ Discordant (Assay Variance)
Reference_Substance_0929,100929-0,COCC(O)CO,Non-Sensitizer,99.4,181.8,-5.71,29.3,Sensitizer (Cat. 1A/1B),✅ Concordant
Reference_Substance_0930,100930-0,COC(=O)c1ccc(O)cc1C,Sensitizer (Cat. 1A/1B),63.6,355.5,-4.19,51.4,Non-Sensitizer,✅ Concordant
Reference_Substance_0931,100931-0,Cc1ccccc1C=CC=O,Non-Sensitizer,52.8,83.0,-6.63,47.4,Non-Sensitizer,⚠️ Discordant (Assay Variance)
Reference_Substance_0932,100932-0,C=OC,Sensitizer (Cat. 1A/1B),99.5,108.9,-7.61,43.6,Non-Sensitizer,✅ Concordant
Reference_Substance_0933,100933-0,CCC=CC=O,Non-Sensitizer,33.1,561.3,-7.19,74.5,Non-Sensitizer,✅ Concordant
Reference_Substance_0934,100934-0,C=CCc1ccc(O)c(OC)c1C,Sensitizer (Cat. 1A/1B),16.6,731.8,-5.83,18.0,Non-Sensitizer,⚠️ Discordant (Assay Variance)
Reference_Substance_0935,100935-0,CCC(C)=CCCC(C)=CCO,Non-Sensitizer,74.7,557.7,-6.67,33.4,Sensitizer (Cat. 1A/1B),✅ Concordant
Reference_Substance_0936,100936-0,CC(CCCC(C)(C)O)CC=OC,Sensitizer (Cat. 1A/1B),54.0,135.9,-6.15,13.9,Sensitizer (Cat. 1A/1B),✅ Concordant
Reference_Substance_0937,100937-0,O=c1ccoc2ccccc12C,Non-Sensitizer,42.5,378.9,-6.34,56.0,Sensitizer (Cat. 1A/1B),⚠️ Discordant (Assay Variance)
Reference_Substance_0938,100938-0,Cc1ccccc1COCCO,Sensitizer (Cat. 1A/1B),80.6,161.7,-4.61,9.6,Sensitizer (Cat. 1A/1B),✅ Concordant
Reference_Substance_0939,100939-0,COCC(O)CO,Non-Sensitizer,70.4,172.1,-6.5,56.7,Sensitizer (Cat. 1A/1B),✅ Concordant
Reference_Substance_0940,100940-0,COC(=O)c1ccc(O)cc1C,Sensitizer (Cat. 1A/1B),52.6,57.3,-6.25,56.3,Non-Sensitizer,⚠️ Discordant (Assay Variance)
Reference_Substance_0941,100941-0,Cc1ccccc1C=CC=O,Non-Sensitizer,36.8,223.6,-4.94,83.2,Sensitizer (Cat. 1A/1B),✅ Concordant
Reference_Substance_0942,100942-0,C=OC,Sensitizer (Cat. 1A/1B),84.2,51.5,-6.48,80.8,Sensitizer (Cat. 1A/1B),✅ Concordant
Reference_Substance_0943,100943-0,CCC=CC=O,Non-Sensitizer,79.3,100.7,-5.29,50.7,Non-Sensitizer,⚠️ Discordant (Assay Variance)
Reference_Substance_0944,100944-0,C=CCc1ccc(O)c(OC)c1C,Sensitizer (Cat. 1A/1B),62.8,482.8,-5.4,79.7,Non-Sensitizer,✅ Concordant
Reference_Substance_0945,100945-0,CCC(C)=CCCC(C)=CCO,Non-Sensitizer,99.5,58.0,-5.63,14.5,Sensitizer (Cat. 1A/1B),✅ Concordant
Reference_Substance_0946,100946-0,CC(CCCC(C)(C)O)CC=OC,Sensitizer (Cat. 1A/1B),41.5,18.5,-7.16,58.7,Non-Sensitizer,⚠️ Discordant (Assay Variance)
Reference_Substance_0947,100947-0,O=c1ccoc2ccccc12C,Non-Sensitizer,31.4,17.9,-4.32,91.4,Sensitizer (Cat. 1A/1B),✅ Concordant
Reference_Substance_0948,100948-0,Cc1ccccc1COCCO,Sensitizer (Cat. 1A/1B),49.8,706.6,-3.14,33.1,Non-Sensitizer,✅ Concordant
Reference_Substance_0949,100949-0,COCC(O)CO,Non-Sensitizer,64.0,176.8,-5.79,58.0,Non-Sensitizer,⚠️ Discordant (Assay Variance)
Reference_Substance_0950,100950-0,COC(=O)c1ccc(O)cc1C,Sensitizer (Cat. 1A/1B),70.4,131.7,-7.06,15.2,Non-Sensitizer,✅ Concordant
Reference_Substance_0951,100951-0,Cc1ccccc1C=CC=O,Non-Sensitizer,59.7,416.3,-5.77,49.0,Non-Sensitizer,✅ Concordant
Reference_Substance_0952,100952-0,C=OC,Sensitizer (Cat. 1A/1B),72.7,451.7,-4.61,22.4,Non-Sensitizer,⚠️ Discordant (Assay Variance)
Reference_Substance_0953,100953-0,CCC=CC=O,Non-Sensitizer,37.5,100.9,-6.54,15.7,Non-Sensitizer,✅ Concordant
Reference_Substance_0954,100954-0,C=CCc1ccc(O)c(OC)c1C,Sensitizer (Cat. 1A/1B),96.8,295.7,-5.95,31.1,Non-Sensitizer,✅ Concordant
Reference_Substance_0955,100955-0,CCC(C)=CCCC(C)=CCO,Non-Sensitizer,63.2,368.6,-5.39,18.8,Non-Sensitizer,⚠️ Discordant (Assay Variance)
Reference_Substance_0956,100956-0,CC(CCCC(C)(C)O)CC=OC,Sensitizer (Cat. 1A/1B),89.6,265.8,-4.36,52.8,Non-Sensitizer,✅ Concordant
Reference_Substance_0957,100957-0,O=c1ccoc2ccccc12C,Non-Sensitizer,72.5,41.1,-4.87,29.9,Non-Sensitizer,✅ Concordant
Reference_Substance_0958,100958-0,Cc1ccccc1COCCO,Sensitizer (Cat. 1A/1B),75.0,521.6,-4.82,49.3,Sensitizer (Cat. 1A/1B),⚠️ Discordant (Assay Variance)
Reference_Substance_0959,100959-0,COCC(O)CO,Non-Sensitizer,77.5,193.6,-6.31,22.7,Sensitizer (Cat. 1A/1B),✅ Concordant
Reference_Substance_0960,100960-0,COC(=O)c1ccc(O)cc1C,Sensitizer (Cat. 1A/1B),74.8,83.0,-5.32,60.2,Non-Sensitizer,✅ Concordant
Reference_Substance_0961,100961-0,Cc1ccccc1C=CC=O,Non-Sensitizer,79.1,138.4,-6.67,16.0,Non-Sensitizer,⚠️ Discordant (Assay Variance)
Reference_Substance_0962,100962-0,C=OC,Sensitizer (Cat. 1A/1B),94.2,9.6,-4.79,36.6,Non-Sensitizer,✅ Concordant
Reference_Substance_0963,100963-0,CCC=CC=O,Non-Sensitizer,69.3,34.2,-4.42,24.5,Sensitizer (Cat. 1A/1B),✅ Concordant
Reference_Substance_0964,100964-0,C=CCc1ccc(O)c(OC)c1C,Sensitizer (Cat. 1A/1B),80.6,362.6,-5.14,60.6,Non-Sensitizer,⚠️ Discordant (Assay Variance)
Reference_Substance_0965,100965-0,CCC(C)=CCCC(C)=CCO,Non-Sensitizer,63.0,5.0,-6.24,50.5,Sensitizer (Cat. 1A/1B),✅ Concordant
Reference_Substance_0966,100966-0,CC(CCCC(C)(C)O)CC=OC,Sensitizer (Cat. 1A/1B),96.7,134.7,-6.04,18.8,Sensitizer (Cat. 1A/1B),✅ Concordant
Reference_Substance_0967,100967-0,O=c1ccoc2ccccc12C,Non-Sensitizer,50.1,184.8,-3.63,77.4,Sensitizer (Cat. 1A/1B),⚠️ Discordant (Assay Variance)
Reference_Substance_0968,100968-0,Cc1ccccc1COCCO,Sensitizer (Cat. 1A/1B),99.5,14.0,-6.22,69.6,Sensitizer (Cat. 1A/1B),✅ Concordant
Reference_Substance_0969,100969-0,COCC(O)CO,Non-Sensitizer,64.1,903.7,-4.54,62.2,Non-Sensitizer,✅ Concordant
Reference_Substance_0970,100970-0,COC(=O)c1ccc(O)cc1C,Sensitizer (Cat. 1A/1B),33.5,64.1,-5.39,23.7,Sensitizer (Cat. 1A/1B),⚠️ Discordant (Assay Variance)
Reference_Substance_0971,100971-0,Cc1ccccc1C=CC=O,Non-Sensitizer,67.8,90.7,-6.2,37.2,Sensitizer (Cat. 1A/1B),✅ Concordant
Reference_Substance_0972,100972-0,C=OC,Sensitizer (Cat. 1A/1B),50.0,90.6,-7.41,59.4,Sensitizer (Cat. 1A/1B),✅ Concordant
Reference_Substance_0973,100973-0,CCC=CC=O,Non-Sensitizer,83.5,65.5,-5.55,32.9,Sensitizer (Cat. 1A/1B),⚠️ Discordant (Assay Variance)
Reference_Substance_0974,100974-0,C=CCc1ccc(O)c(OC)c1C,Sensitizer (Cat. 1A/1B),50.6,5.0,-5.69,81.4,Non-Sensitizer,✅ Concordant
Reference_Substance_0975,100975-0,CCC(C)=CCCC(C)=CCO,Non-Sensitizer,55.2,326.7,-3.63,37.9,Sensitizer (Cat. 1A/1B),✅ Concordant
Reference_Substance_0976,100976-0,CC(CCCC(C)(C)O)CC=OC,Sensitizer (Cat. 1A/1B),23.4,851.6,-6.83,54.7,Non-Sensitizer,⚠️ Discordant (Assay Variance)
Reference_Substance_0977,100977-0,O=c1ccoc2ccccc12C,Non-Sensitizer,55.0,63.5,-3.05,21.0,Sensitizer (Cat. 1A/1B),✅ Concordant
Reference_Substance_0978,100978-0,Cc1ccccc1COCCO,Sensitizer (Cat. 1A/1B),11.7,272.0,-5.35,8.5,Non-Sensitizer,✅ Concordant
Reference_Substance_0979,100979-0,COCC(O)CO,Non-Sensitizer,30.2,338.6,-5.35,39.7,Sensitizer (Cat. 1A/1B),⚠️ Discordant (Assay Variance)
Reference_Substance_0980,100980-0,COC(=O)c1ccc(O)cc1C,Sensitizer (Cat. 1A/1B),81.7,471.7,-6.51,43.4,Non-Sensitizer,✅ Concordant
Reference_Substance_0981,100981-0,Cc1ccccc1C=CC=O,Non-Sensitizer,82.3,137.3,-5.42,36.4,Sensitizer (Cat. 1A/1B),✅ Concordant
Reference_Substance_0982,100982-0,C=OC,Sensitizer (Cat. 1A/1B),74.4,90.2,-5.23,7.3,Sensitizer (Cat. 1A/1B),⚠️ Discordant (Assay Variance)
Reference_Substance_0983,100983-0,CCC=CC=O,Non-Sensitizer,43.7,98.4,-4.68,90.0,Sensitizer (Cat. 1A/1B),✅ Concordant
Reference_Substance_0984,100984-0,C=CCc1ccc(O)c(OC)c1C,Sensitizer (Cat. 1A/1B),64.0,311.7,-6.97,49.0,Non-Sensitizer,✅ Concordant
Reference_Substance_0985,100985-0,CCC(C)=CCCC(C)=CCO,Non-Sensitizer,64.9,424.3,-4.11,62.0,Sensitizer (Cat. 1A/1B),⚠️ Discordant (Assay Variance)
Reference_Substance_0986,100986-0,CC(CCCC(C)(C)O)CC=OC,Sensitizer (Cat. 1A/1B),39.5,50.1,-5.37,25.7,Sensitizer (Cat. 1A/1B),✅ Concordant
Reference_Substance_0987,100987-0,O=c1ccoc2ccccc12C,Non-Sensitizer,98.1,115.9,-5.07,10.0,Non-Sensitizer,✅ Concordant
Reference_Substance_0988,100988-0,Cc1ccccc1COCCO,Sensitizer (Cat. 1A/1B),84.3,580.5,-6.07,20.1,Sensitizer (Cat. 1A/1B),⚠️ Discordant (Assay Variance)
Reference_Substance_0989,100989-0,COCC(O)CO,Non-Sensitizer,60.1,410.9,-6.91,56.8,Sensitizer (Cat. 1A/1B),✅ Concordant
Reference_Substance_0990,100990-0,COC(=O)c1ccc(O)cc1C,Sensitizer (Cat. 1A/1B),65.6,1047.6,-5.71,83.2,Non-Sensitizer,✅ Concordant
Reference_Substance_0991,100991-0,Cc1ccccc1C=CC=O,Non-Sensitizer,69.6,350.9,-5.58,50.7,Sensitizer (Cat. 1A/1B),⚠️ Discordant (Assay Variance)
Reference_Substance_0992,100992-0,C=OC,Sensitizer (Cat. 1A/1B),20.1,124.9,-7.46,56.9,Non-Sensitizer,✅ Concordant
Reference_Substance_0993,100993-0,CCC=CC=O,Non-Sensitizer,59.6,223.3,-4.85,35.1,Non-Sensitizer,✅ Concordant
Reference_Substance_0994,100994-0,C=CCc1ccc(O)c(OC)c1C,Sensitizer (Cat. 1A/1B),50.0,270.4,-4.6,73.5,Sensitizer (Cat. 1A/1B),⚠️ Discordant (Assay Variance)
Reference_Substance_0995,100995-0,CCC(C)=CCCC(C)=CCO,Non-Sensitizer,43.0,20.4,-6.68,9.6,Non-Sensitizer,✅ Concordant
Reference_Substance_0996,100996-0,CC(CCCC(C)(C)O)CC=OC,Sensitizer (Cat. 1A/1B),58.8,196.6,-7.03,21.5,Sensitizer (Cat. 1A/1B),✅ Concordant
Reference_Substance_0997,100997-0,O=c1ccoc2ccccc12C,Non-Sensitizer,99.5,308.9,-6.16,28.1,Sensitizer (Cat. 1A/1B),⚠️ Discordant (Assay Variance)
Reference_Substance_0998,100998-0,Cc1ccccc1COCCO,Sensitizer (Cat. 1A/1B),79.1,45.8,-5.77,52.1,Sensitizer (Cat. 1A/1B),✅ Concordant
Reference_Substance_0999,100999-0,COCC(O)CO,Non-Sensitizer,52.4,379.3,-6.12,69.5,Non-Sensitizer,✅ Concordant
Reference_Substance_1000,1001000-0,COC(=O)c1ccc(O)cc1C,Sensitizer (Cat. 1A/1B),77.6,219.1,-5.87,13.5,Sensitizer (Cat. 1A/1B),⚠️ Discordant (Assay Variance)
Reference_Substance_1001,1001001-0,Cc1ccccc1C=CC=O,Non-Sensitizer,95.8,760.3,-5.53,86.8,Sensitizer (Cat. 1A/1B),✅ Concordant
Reference_Substance_1002,1001002-0,C=OC,Sensitizer (Cat. 1A/1B),85.3,10.8,-7.44,12.4,Non-Sensitizer,✅ Concordant
Reference_Substance_1003,1001003-0,CCC=CC=O,Non-Sensitizer,66.3,77.1,-7.3,82.3,Sensitizer (Cat. 1A/1B),⚠️ Discordant (Assay Variance)
Reference_Substance_1004,1001004-0,C=CCc1ccc(O)c(OC)c1C,Sensitizer (Cat. 1A/1B),50.8,230.0,-9.07,85.2,Non-Sensitizer,✅ Concordant
Reference_Substance_1005,1001005-0,CCC(C)=CCCC(C)=CCO,Non-Sensitizer,80.4,87.9,-4.67,10.7,Sensitizer (Cat. 1A/1B),✅ Concordant
Reference_Substance_1006,1001006-0,CC(CCCC(C)(C)O)CC=OC,Sensitizer (Cat. 1A/1B),73.7,313.3,-5.78,64.7,Sensitizer (Cat. 1A/1B),⚠️ Discordant (Assay Variance)
Reference_Substance_1007,1001007-0,O=c1ccoc2ccccc12C,Non-Sensitizer,84.7,355.7,-4.54,62.7,Non-Sensitizer,✅ Concordant
Reference_Substance_1008,1001008-0,Cc1ccccc1COCCO,Sensitizer (Cat. 1A/1B),79.0,27.0,-7.17,9.7,Non-Sensitizer,✅ Concordant
Reference_Substance_1009,1001009-0,COCC(O)CO,Non-Sensitizer,88.1,180.3,-5.77,7.8,Sensitizer (Cat. 1A/1B),⚠️ Discordant (Assay Variance)
Reference_Substance_1010,1001010-0,COC(=O)c1ccc(O)cc1C,Sensitizer (Cat. 1A/1B),53.2,177.8,-5.54,26.0,Non-Sensitizer,✅ Concordant
Reference_Substance_1011,1001011-0,Cc1ccccc1C=CC=O,Non-Sensitizer,94.0,115.2,-6.47,43.3,Non-Sensitizer,✅ Concordant
Reference_Substance_1012,1001012-0,C=OC,Sensitizer (Cat. 1A/1B),69.3,675.5,-7.66,37.3,Sensitizer (Cat. 1A/1B),⚠️ Discordant (Assay Variance)
Reference_Substance_1013,1001013-0,CCC=CC=O,Non-Sensitizer,99.5,439.3,-3.7,38.5,Non-Sensitizer,✅ Concordant
Reference_Substance_1014,1001014-0,C=CCc1ccc(O)c(OC)c1C,Sensitizer (Cat. 1A/1B),49.8,298.7,-4.12,58.7,Sensitizer (Cat. 1A/1B),✅ Concordant
Reference_Substance_1015,1001015-0,CCC(C)=CCCC(C)=CCO,Non-Sensitizer,99.5,313.2,-6.26,52.6,Sensitizer (Cat. 1A/1B),⚠️ Discordant (Assay Variance)
Reference_Substance_1016,1001016-0,CC(CCCC(C)(C)O)CC=OC,Sensitizer (Cat. 1A/1B),69.4,154.8,-5.19,47.3,Non-Sensitizer,✅ Concordant
Reference_Substance_1017,1001017-0,O=c1ccoc2ccccc12C,Non-Sensitizer,50.7,634.6,-6.38,42.1,Non-Sensitizer,✅ Concordant
Reference_Substance_1018,1001018-0,Cc1ccccc1COCCO,Sensitizer (Cat. 1A/1B),54.4,296.5,-6.99,42.5,Non-Sensitizer,⚠️ Discordant (Assay Variance)
Reference_Substance_1019,1001019-0,COCC(O)CO,Non-Sensitizer,58.0,326.4,-3.61,66.7,Non-Sensitizer,✅ Concordant
Reference_Substance_1020,1001020-0,COC(=O)c1ccc(O)cc1C,Sensitizer (Cat. 1A/1B),74.3,494.6,-7.79,70.1,Sensitizer (Cat. 1A/1B),✅ Concordant
Reference_Substance_1021,1001021-0,Cc1ccccc1C=CC=O,Non-Sensitizer,76.5,80.1,-6.14,44.9,Non-Sensitizer,⚠️ Discordant (Assay Variance)
Reference_Substance_1022,1001022-0,C=OC,Sensitizer (Cat. 1A/1B),52.4,411.4,-5.7,73.5,Sensitizer (Cat. 1A/1B),✅ Concordant
Reference_Substance_1023,1001023-0,CCC=CC=O,Non-Sensitizer,64.5,54.3,-3.82,42.9,Sensitizer (Cat. 1A/1B),✅ Concordant
Reference_Substance_1024,1001024-0,C=CCc1ccc(O)c(OC)c1C,Sensitizer (Cat. 1A/1B),99.5,105.9,-4.72,47.2,Sensitizer (Cat. 1A/1B),⚠️ Discordant (Assay Variance)
Reference_Substance_1025,1001025-0,CCC(C)=CCCC(C)=CCO,Non-Sensitizer,99.5,102.2,-7.81,25.9,Sensitizer (Cat. 1A/1B),✅ Concordant
Reference_Substance_1026,1001026-0,CC(CCCC(C)(C)O)CC=OC,Sensitizer (Cat. 1A/1B),74.6,960.2,-5.8,39.8,Non-Sensitizer,✅ Concordant
Reference_Substance_1027,1001027-0,O=c1ccoc2ccccc12C,Non-Sensitizer,65.8,485.4,-5.77,45.0,Sensitizer (Cat. 1A/1B),⚠️ Discordant (Assay Variance)
Reference_Substance_1028,1001028-0,Cc1ccccc1COCCO,Sensitizer (Cat. 1A/1B),67.6,302.0,-6.07,45.1,Sensitizer (Cat. 1A/1B),✅ Concordant
Reference_Substance_1029,1001029-0,COCC(O)CO,Non-Sensitizer,78.5,324.6,-5.06,39.5,Sensitizer (Cat. 1A/1B),✅ Concordant
Reference_Substance_1030,1001030-0,COC(=O)c1ccc(O)cc1C,Sensitizer (Cat. 1A/1B),42.5,206.4,-7.49,79.8,Sensitizer (Cat. 1A/1B),⚠️ Discordant (Assay Variance)
Reference_Substance_1031,1001031-0,Cc1ccccc1C=CC=O,Non-Sensitizer,59.3,734.8,-6.29,65.3,Sensitizer (Cat. 1A/1B),✅ Concordant
Reference_Substance_1032,1001032-0,C=OC,Sensitizer (Cat. 1A/1B),28.3,171.4,-5.23,93.8,Sensitizer (Cat. 1A/1B),✅ Concordant
Reference_Substance_1033,1001033-0,CCC=CC=O,Non-Sensitizer,73.8,119.7,-4.98,52.6,Sensitizer (Cat. 1A/1B),⚠️ Discordant (Assay Variance)
Reference_Substance_1034,1001034-0,C=CCc1ccc(O)c(OC)c1C,Sensitizer (Cat. 1A/1B),79.2,44.5,-5.62,52.9,Sensitizer (Cat. 1A/1B),✅ Concordant
Reference_Substance_1035,1001035-0,CCC(C)=CCCC(C)=CCO,Non-Sensitizer,54.4,385.7,-6.15,54.8,Non-Sensitizer,✅ Concordant
Reference_Substance_1036,1001036-0,CC(CCCC(C)(C)O)CC=OC,Sensitizer (Cat. 1A/1B),99.5,331.5,-5.94,31.1,Non-Sensitizer,⚠️ Discordant (Assay Variance)
Reference_Substance_1037,1001037-0,O=c1ccoc2ccccc12C,Non-Sensitizer,38.0,121.3,-4.91,29.7,Sensitizer (Cat. 1A/1B),✅ Concordant
Reference_Substance_1038,1001038-0,Cc1ccccc1COCCO,Sensitizer (Cat. 1A/1B),32.8,6.4,-5.76,64.0,Sensitizer (Cat. 1A/1B),✅ Concordant
Reference_Substance_1039,1001039-0,COCC(O)CO,Non-Sensitizer,69.9,456.6,-7.05,28.7,Non-Sensitizer,⚠️ Discordant (Assay Variance)
Reference_Substance_1040,1001040-0,COC(=O)c1ccc(O)cc1C,Sensitizer (Cat. 1A/1B),88.0,5.0,-7.28,84.4,Non-Sensitizer,✅ Concordant
Reference_Substance_1041,1001041-0,Cc1ccccc1C=CC=O,Non-Sensitizer,99.5,304.1,-7.59,35.3,Sensitizer (Cat. 1A/1B),✅ Concordant
Reference_Substance_1042,1001042-0,C=OC,Sensitizer (Cat. 1A/1B),54.9,878.8,-4.05,64.8,Non-Sensitizer,⚠️ Discordant (Assay Variance)
Reference_Substance_1043,1001043-0,CCC=CC=O,Non-Sensitizer,88.7,143.9,-4.83,50.2,Non-Sensitizer,✅ Concordant
Reference_Substance_1044,1001044-0,C=CCc1ccc(O)c(OC)c1C,Sensitizer (Cat. 1A/1B),64.2,67.0,-5.93,69.4,Non-Sensitizer,✅ Concordant
Reference_Substance_1045,1001045-0,CCC(C)=CCCC(C)=CCO,Non-Sensitizer,61.2,305.1,-6.34,26.2,Non-Sensitizer,⚠️ Discordant (Assay Variance)
Reference_Substance_1046,1001046-0,CC(CCCC(C)(C)O)CC=OC,Sensitizer (Cat. 1A/1B),84.4,424.7,-6.49,33.6,Sensitizer (Cat. 1A/1B),✅ Concordant
Reference_Substance_1047,1001047-0,O=c1ccoc2ccccc12C,Non-Sensitizer,79.4,197.7,-4.49,66.6,Sensitizer (Cat. 1A/1B),✅ Concordant
Reference_Substance_1048,1001048-0,Cc1ccccc1COCCO,Sensitizer (Cat. 1A/1B),30.3,853.1,-3.51,91.9,Sensitizer (Cat. 1A/1B),⚠️ Discordant (Assay Variance)
Reference_Substance_1049,1001049-0,COCC(O)CO,Non-Sensitizer,97.5,13.3,-6.53,74.7,Non-Sensitizer,✅ Concordant
Reference_Substance_1050,1001050-0,COC(=O)c1ccc(O)cc1C,Sensitizer (Cat. 1A/1B),95.4,175.7,-4.43,90.2,Sensitizer (Cat. 1A/1B),✅ Concordant
Reference_Substance_1051,1001051-0,Cc1ccccc1C=CC=O,Non-Sensitizer,51.2,316.9,-5.77,9.5,Sensitizer (Cat. 1A/1B),⚠️ Discordant (Assay Variance)
Reference_Substance_1052,1001052-0,C=OC,Sensitizer (Cat. 1A/1B),73.7,496.3,-6.05,69.5,Sensitizer (Cat. 1A/1B),✅ Concordant
Reference_Substance_1053,1001053-0,CCC=CC=O,Non-Sensitizer,75.9,49.4,-3.99,75.1,Sensitizer (Cat. 1A/1B),✅ Concordant
Reference_Substance_1054,1001054-0,C=CCc1ccc(O)c(OC)c1C,Sensitizer (Cat. 1A/1B),70.7,402.4,-5.81,38.2,Non-Sensitizer,⚠️ Discordant (Assay Variance)
Reference_Substance_1055,1001055-0,CCC(C)=CCCC(C)=CCO,Non-Sensitizer,52.9,201.1,-5.44,25.6,Non-Sensitizer,✅ Concordant
Reference_Substance_1056,1001056-0,CC(CCCC(C)(C)O)CC=OC,Sensitizer (Cat. 1A/1B),50.2,126.3,-5.5,58.6,Sensitizer (Cat. 1A/1B),✅ Concordant
Reference_Substance_1057,1001057-0,O=c1ccoc2ccccc12C,Non-Sensitizer,64.4,35.3,-7.75,72.5,Sensitizer (Cat. 1A/1B),⚠️ Discordant (Assay Variance)
Reference_Substance_1058,1001058-0,Cc1ccccc1COCCO,Sensitizer (Cat. 1A/1B),90.8,501.2,-5.45,53.1,Non-Sensitizer,✅ Concordant
Reference_Substance_1059,1001059-0,COCC(O)CO,Non-Sensitizer,77.0,42.8,-6.48,62.0,Non-Sensitizer,✅ Concordant
Reference_Substance_1060,1001060-0,COC(=O)c1ccc(O)cc1C,Sensitizer (Cat. 1A/1B),56.8,92.7,-7.51,91.5,Non-Sensitizer,⚠️ Discordant (Assay Variance)
Reference_Substance_1061,1001061-0,Cc1ccccc1C=CC=O,Non-Sensitizer,82.0,85.6,-6.42,70.2,Non-Sensitizer,✅ Concordant
Reference_Substance_1062,1001062-0,C=OC,Sensitizer (Cat. 1A/1B),2.3,512.8,-6.43,86.2,Sensitizer (Cat. 1A/1B),✅ Concordant
Reference_Substance_1063,1001063-0,CCC=CC=O,Non-Sensitizer,90.3,279.2,-4.56,73.8,Sensitizer (Cat. 1A/1B),⚠️ Discordant (Assay Variance)
Reference_Substance_1064,1001064-0,C=CCc1ccc(O)c(OC)c1C,Sensitizer (Cat. 1A/1B),26.7,398.2,-7.08,74.7,Non-Sensitizer,✅ Concordant
Reference_Substance_1065,1001065-0,CCC(C)=CCCC(C)=CCO,Non-Sensitizer,57.0,72.1,-6.75,79.4,Sensitizer (Cat. 1A/1B),✅ Concordant
Reference_Substance_1066,1001066-0,CC(CCCC(C)(C)O)CC=OC,Sensitizer (Cat. 1A/1B),40.4,245.1,-5.52,64.3,Non-Sensitizer,⚠️ Discordant (Assay Variance)
Reference_Substance_1067,1001067-0,O=c1ccoc2ccccc12C,Non-Sensitizer,36.5,212.0,-7.39,67.6,Non-Sensitizer,✅ Concordant
Reference_Substance_1068,1001068-0,Cc1ccccc1COCCO,Sensitizer (Cat. 1A/1B),90.5,447.2,-6.59,48.9,Sensitizer (Cat. 1A/1B),✅ Concordant
Reference_Substance_1069,1001069-0,COCC(O)CO,Non-Sensitizer,54.7,591.3,-7.8,61.3,Non-Sensitizer,⚠️ Discordant (Assay Variance)
Reference_Substance_1070,1001070-0,COC(=O)c1ccc(O)cc1C,Sensitizer (Cat. 1A/1B),72.6,5.0,-4.7,16.0,Non-Sensitizer,✅ Concordant
Reference_Substance_1071,1001071-0,Cc1ccccc1C=CC=O,Non-Sensitizer,64.0,280.2,-6.16,84.7,Non-Sensitizer,✅ Concordant
Reference_Substance_1072,1001072-0,C=OC,Sensitizer (Cat. 1A/1B),75.5,13.3,-5.82,35.0,Sensitizer (Cat. 1A/1B),⚠️ Discordant (Assay Variance)
Reference_Substance_1073,1001073-0,CCC=CC=O,Non-Sensitizer,66.7,199.0,-4.7,66.7,Non-Sensitizer,✅ Concordant
Reference_Substance_1074,1001074-0,C=CCc1ccc(O)c(OC)c1C,Sensitizer (Cat. 1A/1B),36.8,84.8,-6.67,75.4,Non-Sensitizer,✅ Concordant
Reference_Substance_1075,1001075-0,CCC(C)=CCCC(C)=CCO,Non-Sensitizer,86.9,91.6,-6.17,19.7,Sensitizer (Cat. 1A/1B),⚠️ Discordant (Assay Variance)
Reference_Substance_1076,1001076-0,CC(CCCC(C)(C)O)CC=OC,Sensitizer (Cat. 1A/1B),54.1,108.8,-7.07,43.9,Sensitizer (Cat. 1A/1B),✅ Concordant
Reference_Substance_1077,1001077-0,O=c1ccoc2ccccc12C,Non-Sensitizer,30.8,242.7,-7.07,42.7,Sensitizer (Cat. 1A/1B),✅ Concordant
Reference_Substance_1078,1001078-0,Cc1ccccc1COCCO,Sensitizer (Cat. 1A/1B),55.6,101.6,-6.9,53.7,Non-Sensitizer,⚠️ Discordant (Assay Variance)
Reference_Substance_1079,1001079-0,COCC(O)CO,Non-Sensitizer,98.0,329.8,-6.39,56.1,Sensitizer (Cat. 1A/1B),✅ Concordant
Reference_Substance_1080,1001080-0,COC(=O)c1ccc(O)cc1C,Sensitizer (Cat. 1A/1B),83.7,129.6,-6.26,80.1,Non-Sensitizer,✅ Concordant
Reference_Substance_1081,1001081-0,Cc1ccccc1C=CC=O,Non-Sensitizer,57.3,17.7,-5.45,73.8,Sensitizer (Cat. 1A/1B),⚠️ Discordant (Assay Variance)
Reference_Substance_1082,1001082-0,C=OC,Sensitizer (Cat. 1A/1B),57.3,382.8,-6.87,45.0,Sensitizer (Cat. 1A/1B),✅ Concordant
Reference_Substance_1083,1001083-0,CCC=CC=O,Non-Sensitizer,57.9,84.1,-5.42,24.1,Sensitizer (Cat. 1A/1B),✅ Concordant
Reference_Substance_1084,1001084-0,C=CCc1ccc(O)c(OC)c1C,Sensitizer (Cat. 1A/1B),99.5,141.7,-5.22,27.1,Sensitizer (Cat. 1A/1B),⚠️ Discordant (Assay Variance)
Reference_Substance_1085,1001085-0,CCC(C)=CCCC(C)=CCO,Non-Sensitizer,73.4,289.1,-6.36,23.8,Sensitizer (Cat. 1A/1B),✅ Concordant
Reference_Substance_1086,1001086-0,CC(CCCC(C)(C)O)CC=OC,Sensitizer (Cat. 1A/1B),74.5,101.0,-6.77,11.9,Non-Sensitizer,✅ Concordant
Reference_Substance_1087,1001087-0,O=c1ccoc2ccccc12C,Non-Sensitizer,87.7,14.6,-5.7,46.4,Non-Sensitizer,⚠️ Discordant (Assay Variance)
Reference_Substance_1088,1001088-0,Cc1ccccc1COCCO,Sensitizer (Cat. 1A/1B),70.3,117.1,-6.04,82.6,Non-Sensitizer,✅ Concordant
Reference_Substance_1089,1001089-0,COCC(O)CO,Non-Sensitizer,59.3,722.6,-5.54,27.2,Sensitizer (Cat. 1A/1B),✅ Concordant
Reference_Substance_1090,1001090-0,COC(=O)c1ccc(O)cc1C,Sensitizer (Cat. 1A/1B),60.7,256.6,-3.92,78.1,Sensitizer (Cat. 1A/1B),⚠️ Discordant (Assay Variance)
Reference_Substance_1091,1001091-0,Cc1ccccc1C=CC=O,Non-Sensitizer,63.4,278.3,-5.72,68.6,Non-Sensitizer,✅ Concordant
Reference_Substance_1092,1001092-0,C=OC,Sensitizer (Cat. 1A/1B),64.2,250.1,-6.57,28.7,Sensitizer (Cat. 1A/1B),✅ Concordant
Reference_Substance_1093,1001093-0,CCC=CC=O,Non-Sensitizer,81.0,55.5,-6.87,72.2,Non-Sensitizer,⚠️ Discordant (Assay Variance)
Reference_Substance_1094,1001094-0,C=CCc1ccc(O)c(OC)c1C,Sensitizer (Cat. 1A/1B),66.1,135.5,-6.82,70.1,Sensitizer (Cat. 1A/1B),✅ Concordant
Reference_Substance_1095,1001095-0,CCC(C)=CCCC(C)=CCO,Non-Sensitizer,81.1,347.5,-7.56,18.1,Sensitizer (Cat. 1A/1B),✅ Concordant
Reference_Substance_1096,1001096-0,CC(CCCC(C)(C)O)CC=OC,Sensitizer (Cat. 1A/1B),63.2,26.7,-4.68,59.9,Non-Sensitizer,⚠️ Discordant (Assay Variance)
Reference_Substance_1097,1001097-0,O=c1ccoc2ccccc12C,Non-Sensitizer,66.7,81.4,-8.48,90.9,Non-Sensitizer,✅ Concordant
Reference_Substance_1098,1001098-0,Cc1ccccc1COCCO,Sensitizer (Cat. 1A/1B),21.0,80.9,-5.21,59.0,Non-Sensitizer,✅ Concordant
Reference_Substance_1099,1001099-0,COCC(O)CO,Non-Sensitizer,85.2,141.4,-6.84,28.8,Sensitizer (Cat. 1A/1B),⚠️ Discordant (Assay Variance)
Reference_Substance_1100,1001100-0,COC(=O)c1ccc(O)cc1C,Sensitizer (Cat. 1A/1B),72.6,982.7,-6.41,35.1,Sensitizer (Cat. 1A/1B),✅ Concordant
Reference_Substance_1101,1001101-0,Cc1ccccc1C=CC=O,Non-Sensitizer,87.0,17.5,-6.88,50.2,Non-Sensitizer,✅ Concordant
Reference_Substance_1102,1001102-0,C=OC,Sensitizer (Cat. 1A/1B),2.0,182.8,-4.06,11.8,Sensitizer (Cat. 1A/1B),⚠️ Discordant (Assay Variance)
Reference_Substance_1103,1001103-0,CCC=CC=O,Non-Sensitizer,99.5,49.4,-5.78,34.9,Non-Sensitizer,✅ Concordant
Reference_Substance_1104,1001104-0,C=CCc1ccc(O)c(OC)c1C,Sensitizer (Cat. 1A/1B),61.9,882.3,-4.85,69.9,Non-Sensitizer,✅ Concordant
Reference_Substance_1105,1001105-0,CCC(C)=CCCC(C)=CCO,Non-Sensitizer,89.4,30.1,-4.24,39.2,Sensitizer (Cat. 1A/1B),⚠️ Discordant (Assay Variance)
Reference_Substance_1106,1001106-0,CC(CCCC(C)(C)O)CC=OC,Sensitizer (Cat. 1A/1B),42.1,129.2,-5.6,47.8,Sensitizer (Cat. 1A/1B),✅ Concordant
Reference_Substance_1107,1001107-0,O=c1ccoc2ccccc12C,Non-Sensitizer,78.5,334.7,-7.23,52.7,Non-Sensitizer,✅ Concordant
Reference_Substance_1108,1001108-0,Cc1ccccc1COCCO,Sensitizer (Cat. 1A/1B),41.8,304.8,-6.06,16.1,Sensitizer (Cat. 1A/1B),⚠️ Discordant (Assay Variance)
Reference_Substance_1109,1001109-0,COCC(O)CO,Non-Sensitizer,51.3,137.4,-6.69,19.3,Sensitizer (Cat. 1A/1B),✅ Concordant
Reference_Substance_1110,1001110-0,COC(=O)c1ccc(O)cc1C,Sensitizer (Cat. 1A/1B),99.5,106.4,-6.4,81.9,Non-Sensitizer,✅ Concordant
Reference_Substance_1111,1001111-0,Cc1ccccc1C=CC=O,Non-Sensitizer,60.8,126.7,-5.91,6.8,Sensitizer (Cat. 1A/1B),⚠️ Discordant (Assay Variance)
Reference_Substance_1112,1001112-0,C=OC,Sensitizer (Cat. 1A/1B),69.8,76.7,-5.96,70.9,Sensitizer (Cat. 1A/1B),✅ Concordant
Reference_Substance_1113,1001113-0,CCC=CC=O,Non-Sensitizer,84.1,57.5,-5.31,63.1,Sensitizer (Cat. 1A/1B),✅ Concordant
Reference_Substance_1114,1001114-0,C=CCc1ccc(O)c(OC)c1C,Sensitizer (Cat. 1A/1B),75.9,164.9,-5.13,54.5,Sensitizer (Cat. 1A/1B),⚠️ Discordant (Assay Variance)
Reference_Substance_1115,1001115-0,CCC(C)=CCCC(C)=CCO,Non-Sensitizer,68.3,78.2,-5.96,42.7,Sensitizer (Cat. 1A/1B),✅ Concordant
Reference_Substance_1116,1001116-0,CC(CCCC(C)(C)O)CC=OC,Sensitizer (Cat. 1A/1B),73.0,84.7,-5.32,75.6,Non-Sensitizer,✅ Concordant
Reference_Substance_1117,1001117-0,O=c1ccoc2ccccc12C,Non-Sensitizer,99.5,267.3,-6.46,10.1,Sensitizer (Cat. 1A/1B),⚠️ Discordant (Assay Variance)
Reference_Substance_1118,1001118-0,Cc1ccccc1COCCO,Sensitizer (Cat. 1A/1B),63.7,864.7,-4.22,77.5,Sensitizer (Cat. 1A/1B),✅ Concordant
Reference_Substance_1119,1001119-0,COCC(O)CO,Non-Sensitizer,69.4,231.4,-6.48,74.7,Non-Sensitizer,✅ Concordant
Reference_Substance_1120,1001120-0,COC(=O)c1ccc(O)cc1C,Sensitizer (Cat. 1A/1B),88.1,20.0,-4.36,7.7,Sensitizer (Cat. 1A/1B),⚠️ Discordant (Assay Variance)
Reference_Substance_1121,1001121-0,Cc1ccccc1C=CC=O,Non-Sensitizer,89.3,19.6,-7.57,82.2,Non-Sensitizer,✅ Concordant
Reference_Substance_1122,1001122-0,C=OC,Sensitizer (Cat. 1A/1B),91.1,756.2,-6.26,28.1,Sensitizer (Cat. 1A/1B),✅ Concordant
Reference_Substance_1123,1001123-0,CCC=CC=O,Non-Sensitizer,79.1,88.2,-6.2,35.2,Non-Sensitizer,⚠️ Discordant (Assay Variance)
Reference_Substance_1124,1001124-0,C=CCc1ccc(O)c(OC)c1C,Sensitizer (Cat. 1A/1B),39.9,24.1,-5.47,64.4,Non-Sensitizer,✅ Concordant
Reference_Substance_1125,1001125-0,CCC(C)=CCCC(C)=CCO,Non-Sensitizer,99.5,228.5,-4.77,70.0,Non-Sensitizer,✅ Concordant
Reference_Substance_1126,1001126-0,CC(CCCC(C)(C)O)CC=OC,Sensitizer (Cat. 1A/1B),39.8,244.3,-7.3,61.4,Sensitizer (Cat. 1A/1B),⚠️ Discordant (Assay Variance)
Reference_Substance_1127,1001127-0,O=c1ccoc2ccccc12C,Non-Sensitizer,71.7,261.4,-7.13,61.9,Non-Sensitizer,✅ Concordant
Reference_Substance_1128,1001128-0,Cc1ccccc1COCCO,Sensitizer (Cat. 1A/1B),48.4,77.8,-7.48,71.5,Sensitizer (Cat. 1A/1B),✅ Concordant
Reference_Substance_1129,1001129-0,COCC(O)CO,Non-Sensitizer,63.6,5.0,-4.22,65.1,Non-Sensitizer,⚠️ Discordant (Assay Variance)
Reference_Substance_1130,1001130-0,COC(=O)c1ccc(O)cc1C,Sensitizer (Cat. 1A/1B),72.2,838.2,-5.44,28.5,Sensitizer (Cat. 1A/1B),✅ Concordant
Reference_Substance_1131,1001131-0,Cc1ccccc1C=CC=O,Non-Sensitizer,72.1,72.2,-7.1,55.4,Sensitizer (Cat. 1A/1B),✅ Concordant
Reference_Substance_1132,1001132-0,C=OC,Sensitizer (Cat. 1A/1B),74.3,281.8,-6.33,57.5,Non-Sensitizer,⚠️ Discordant (Assay Variance)
Reference_Substance_1133,1001133-0,CCC=CC=O,Non-Sensitizer,99.5,306.6,-4.38,67.3,Sensitizer (Cat. 1A/1B),✅ Concordant
Reference_Substance_1134,1001134-0,C=CCc1ccc(O)c(OC)c1C,Sensitizer (Cat. 1A/1B),75.0,235.4,-6.13,25.1,Non-Sensitizer,✅ Concordant
Reference_Substance_1135,1001135-0,CCC(C)=CCCC(C)=CCO,Non-Sensitizer,59.6,93.8,-6.2,35.8,Non-Sensitizer,⚠️ Discordant (Assay Variance)
Reference_Substance_1136,1001136-0,CC(CCCC(C)(C)O)CC=OC,Sensitizer (Cat. 1A/1B),86.2,79.1,-6.74,49.6,Sensitizer (Cat. 1A/1B),✅ Concordant
Reference_Substance_1137,1001137-0,O=c1ccoc2ccccc12C,Non-Sensitizer,91.2,227.6,-7.03,9.0,Sensitizer (Cat. 1A/1B),✅ Concordant
Reference_Substance_1138,1001138-0,Cc1ccccc1COCCO,Sensitizer (Cat. 1A/1B),38.0,502.7,-4.38,30.1,Sensitizer (Cat. 1A/1B),⚠️ Discordant (Assay Variance)
Reference_Substance_1139,1001139-0,COCC(O)CO,Non-Sensitizer,78.1,733.1,-3.79,22.4,Non-Sensitizer,✅ Concordant
Reference_Substance_1140,1001140-0,COC(=O)c1ccc(O)cc1C,Sensitizer (Cat. 1A/1B),80.4,28.0,-6.98,32.9,Sensitizer (Cat. 1A/1B),✅ Concordant
Reference_Substance_1141,1001141-0,Cc1ccccc1C=CC=O,Non-Sensitizer,58.5,42.1,-4.11,46.8,Non-Sensitizer,⚠️ Discordant (Assay Variance)
Reference_Substance_1142,1001142-0,C=OC,Sensitizer (Cat. 1A/1B),95.3,723.9,-6.38,31.0,Non-Sensitizer,✅ Concordant
Reference_Substance_1143,1001143-0,CCC=CC=O,Non-Sensitizer,61.7,333.5,-5.16,63.1,Non-Sensitizer,✅ Concordant
Reference_Substance_1144,1001144-0,C=CCc1ccc(O)c(OC)c1C,Sensitizer (Cat. 1A/1B),67.8,536.4,-4.11,64.2,Sensitizer (Cat. 1A/1B),⚠️ Discordant (Assay Variance)
Reference_Substance_1145,1001145-0,CCC(C)=CCCC(C)=CCO,Non-Sensitizer,61.2,56.6,-5.97,58.8,Non-Sensitizer,✅ Concordant
Reference_Substance_1146,1001146-0,CC(CCCC(C)(C)O)CC=OC,Sensitizer (Cat. 1A/1B),65.3,221.4,-6.19,68.2,Sensitizer (Cat. 1A/1B),✅ Concordant
Reference_Substance_1147,1001147-0,O=c1ccoc2ccccc12C,Non-Sensitizer,40.9,301.9,-4.84,48.7,Non-Sensitizer,⚠️ Discordant (Assay Variance)
Reference_Substance_1148,1001148-0,Cc1ccccc1COCCO,Sensitizer (Cat. 1A/1B),33.3,284.9,-7.13,49.8,Non-Sensitizer,✅ Concordant
Reference_Substance_1149,1001149-0,COCC(O)CO,Non-Sensitizer,99.5,131.1,-4.42,32.8,Non-Sensitizer,✅ Concordant
Reference_Substance_1150,1001150-0,COC(=O)c1ccc(O)cc1C,Sensitizer (Cat. 1A/1B),46.4,5.0,-5.63,54.7,Sensitizer (Cat. 1A/1B),⚠️ Discordant (Assay Variance)
Reference_Substance_1151,1001151-0,Cc1ccccc1C=CC=O,Non-Sensitizer,43.2,218.6,-6.49,97.1,Non-Sensitizer,✅ Concordant
Reference_Substance_1152,1001152-0,C=OC,Sensitizer (Cat. 1A/1B),17.6,73.0,-6.53,44.1,Non-Sensitizer,✅ Concordant
Reference_Substance_1153,1001153-0,CCC=CC=O,Non-Sensitizer,50.9,149.6,-7.46,13.8,Sensitizer (Cat. 1A/1B),⚠️ Discordant (Assay Variance)
Reference_Substance_1154,1001154-0,C=CCc1ccc(O)c(OC)c1C,Sensitizer (Cat. 1A/1B),35.9,790.0,-6.44,40.8,Sensitizer (Cat. 1A/1B),✅ Concordant
Reference_Substance_1155,1001155-0,CCC(C)=CCCC(C)=CCO,Non-Sensitizer,99.5,127.3,-6.12,30.0,Sensitizer (Cat. 1A/1B),✅ Concordant
Reference_Substance_1156,1001156-0,CC(CCCC(C)(C)O)CC=OC,Sensitizer (Cat. 1A/1B),87.2,457.8,-7.07,60.0,Non-Sensitizer,⚠️ Discordant (Assay Variance)
Reference_Substance_1157,1001157-0,O=c1ccoc2ccccc12C,Non-Sensitizer,49.9,52.2,-5.85,17.5,Sensitizer (Cat. 1A/1B),✅ Concordant
Reference_Substance_1158,1001158-0,Cc1ccccc1COCCO,Sensitizer (Cat. 1A/1B),99.5,279.0,-5.23,62.2,Non-Sensitizer,✅ Concordant
Reference_Substance_1159,1001159-0,COCC(O)CO,Non-Sensitizer,86.6,943.1,-6.06,27.2,Sensitizer (Cat. 1A/1B),⚠️ Discordant (Assay Variance)
Reference_Substance_1160,1001160-0,COC(=O)c1ccc(O)cc1C,Sensitizer (Cat. 1A/1B),57.9,26.9,-5.0,22.1,Sensitizer (Cat. 1A/1B),✅ Concordant
Reference_Substance_1161,1001161-0,Cc1ccccc1C=CC=O,Non-Sensitizer,10.0,5.0,-6.77,73.3,Sensitizer (Cat. 1A/1B),✅ Concordant
Reference_Substance_1162,1001162-0,C=OC,Sensitizer (Cat. 1A/1B),99.5,142.1,-4.6,21.5,Sensitizer (Cat. 1A/1B),⚠️ Discordant (Assay Variance)
Reference_Substance_1163,1001163-0,CCC=CC=O,Non-Sensitizer,34.4,24.3,-5.65,67.5,Sensitizer (Cat. 1A/1B),✅ Concordant
Reference_Substance_1164,1001164-0,C=CCc1ccc(O)c(OC)c1C,Sensitizer (Cat. 1A/1B),28.8,345.0,-3.95,19.1,Non-Sensitizer,✅ Concordant
Reference_Substance_1165,1001165-0,CCC(C)=CCCC(C)=CCO,Non-Sensitizer,87.5,615.0,-2.9,21.8,Sensitizer (Cat. 1A/1B),⚠️ Discordant (Assay Variance)
Reference_Substance_1166,1001166-0,CC(CCCC(C)(C)O)CC=OC,Sensitizer (Cat. 1A/1B),99.5,142.3,-6.36,84.6,Non-Sensitizer,✅ Concordant
Reference_Substance_1167,1001167-0,O=c1ccoc2ccccc12C,Non-Sensitizer,95.5,74.8,-6.31,38.7,Non-Sensitizer,✅ Concordant
Reference_Substance_1168,1001168-0,Cc1ccccc1COCCO,Sensitizer (Cat. 1A/1B),77.4,142.5,-6.1,49.2,Sensitizer (Cat. 1A/1B),⚠️ Discordant (Assay Variance)
Reference_Substance_1169,1001169-0,COCC(O)CO,Non-Sensitizer,78.1,321.3,-5.09,45.1,Sensitizer (Cat. 1A/1B),✅ Concordant
Reference_Substance_1170,1001170-0,COC(=O)c1ccc(O)cc1C,Sensitizer (Cat. 1A/1B),83.8,5.0,-4.21,21.6,Non-Sensitizer,✅ Concordant
Reference_Substance_1171,1001171-0,Cc1ccccc1C=CC=O,Non-Sensitizer,81.7,222.6,-6.58,29.9,Non-Sensitizer,⚠️ Discordant (Assay Variance)
Reference_Substance_1172,1001172-0,C=OC,Sensitizer (Cat. 1A/1B),71.2,237.5,-5.34,37.2,Sensitizer (Cat. 1A/1B),✅ Concordant
Reference_Substance_1173,1001173-0,CCC=CC=O,Non-Sensitizer,67.3,253.8,-5.96,20.5,Sensitizer (Cat. 1A/1B),✅ Concordant
Reference_Substance_1174,1001174-0,C=CCc1ccc(O)c(OC)c1C,Sensitizer (Cat. 1A/1B),63.6,69.3,-5.06,47.1,Sensitizer (Cat. 1A/1B),⚠️ Discordant (Assay Variance)
Reference_Substance_1175,1001175-0,CCC(C)=CCCC(C)=CCO,Non-Sensitizer,48.4,313.0,-3.99,73.6,Non-Sensitizer,✅ Concordant
Reference_Substance_1176,1001176-0,CC(CCCC(C)(C)O)CC=OC,Sensitizer (Cat. 1A/1B),58.8,24.0,-6.09,90.9,Sensitizer (Cat. 1A/1B),✅ Concordant
Reference_Substance_1177,1001177-0,O=c1ccoc2ccccc12C,Non-Sensitizer,27.8,55.6,-7.8,16.4,Non-Sensitizer,⚠️ Discordant (Assay Variance)
Reference_Substance_1178,1001178-0,Cc1ccccc1COCCO,Sensitizer (Cat. 1A/1B),62.8,524.8,-4.91,52.0,Sensitizer (Cat. 1A/1B),✅ Concordant
Reference_Substance_1179,1001179-0,COCC(O)CO,Non-Sensitizer,43.3,335.5,-6.8,64.4,Non-Sensitizer,✅ Concordant
Reference_Substance_1180,1001180-0,COC(=O)c1ccc(O)cc1C,Sensitizer (Cat. 1A/1B),40.7,5.0,-5.97,78.7,Sensitizer (Cat. 1A/1B),⚠️ Discordant (Assay Variance)
Reference_Substance_1181,1001181-0,Cc1ccccc1C=CC=O,Non-Sensitizer,69.0,71.4,-4.86,50.4,Non-Sensitizer,✅ Concordant
Reference_Substance_1182,1001182-0,C=OC,Sensitizer (Cat. 1A/1B),95.6,60.3,-5.44,80.6,Sensitizer (Cat. 1A/1B),✅ Concordant
Reference_Substance_1183,1001183-0,CCC=CC=O,Non-Sensitizer,85.2,79.0,-5.92,55.3,Sensitizer (Cat. 1A/1B),⚠️ Discordant (Assay Variance)
Reference_Substance_1184,1001184-0,C=CCc1ccc(O)c(OC)c1C,Sensitizer (Cat. 1A/1B),30.4,71.1,-6.49,58.1,Sensitizer (Cat. 1A/1B),✅ Concordant
Reference_Substance_1185,1001185-0,CCC(C)=CCCC(C)=CCO,Non-Sensitizer,43.2,16.1,-9.28,44.7,Non-Sensitizer,✅ Concordant
Reference_Substance_1186,1001186-0,CC(CCCC(C)(C)O)CC=OC,Sensitizer (Cat. 1A/1B),85.7,153.6,-4.96,21.3,Sensitizer (Cat. 1A/1B),⚠️ Discordant (Assay Variance)
Reference_Substance_1187,1001187-0,O=c1ccoc2ccccc12C,Non-Sensitizer,43.4,329.9,-6.1,71.5,Sensitizer (Cat. 1A/1B),✅ Concordant
Reference_Substance_1188,1001188-0,Cc1ccccc1COCCO,Sensitizer (Cat. 1A/1B),60.1,233.3,-3.98,16.2,Sensitizer (Cat. 1A/1B),✅ Concordant
Reference_Substance_1189,1001189-0,COCC(O)CO,Non-Sensitizer,77.1,279.4,-5.32,85.3,Sensitizer (Cat. 1A/1B),⚠️ Discordant (Assay Variance)
Reference_Substance_1190,1001190-0,COC(=O)c1ccc(O)cc1C,Sensitizer (Cat. 1A/1B),43.7,21.2,-6.45,41.9,Non-Sensitizer,✅ Concordant
Reference_Substance_1191,1001191-0,Cc1ccccc1C=CC=O,Non-Sensitizer,67.3,756.5,-4.52,69.3,Non-Sensitizer,✅ Concordant
Reference_Substance_1192,1001192-0,C=OC,Sensitizer (Cat. 1A/1B),35.7,455.8,-4.42,36.8,Non-Sensitizer,⚠️ Discordant (Assay Variance)
Reference_Substance_1193,1001193-0,CCC=CC=O,Non-Sensitizer,51.8,408.8,-6.06,64.0,Sensitizer (Cat. 1A/1B),✅ Concordant
Reference_Substance_1194,1001194-0,C=CCc1ccc(O)c(OC)c1C,Sensitizer (Cat. 1A/1B),72.0,432.9,-4.37,23.3,Non-Sensitizer,✅ Concordant
Reference_Substance_1195,1001195-0,CCC(C)=CCCC(C)=CCO,Non-Sensitizer,30.0,674.7,-6.47,60.4,Non-Sensitizer,⚠️ Discordant (Assay Variance)
Reference_Substance_1196,1001196-0,CC(CCCC(C)(C)O)CC=OC,Sensitizer (Cat. 1A/1B),74.7,196.5,-5.61,40.1,Sensitizer (Cat. 1A/1B),✅ Concordant
Reference_Substance_1197,1001197-0,O=c1ccoc2ccccc12C,Non-Sensitizer,64.6,55.9,-5.11,28.2,Non-Sensitizer,✅ Concordant
Reference_Substance_1198,1001198-0,Cc1ccccc1COCCO,Sensitizer (Cat. 1A/1B),77.2,239.8,-4.86,42.5,Non-Sensitizer,⚠️ Discordant (Assay Variance)
Reference_Substance_1199,1001199-0,COCC(O)CO,Non-Sensitizer,69.9,339.6,-5.05,82.5,Non-Sensitizer,✅ Concordant
Reference_Substance_1200,1001200-0,COC(=O)c1ccc(O)cc1C,Sensitizer (Cat. 1A/1B),95.0,334.8,-6.2,35.6,Non-Sensitizer,✅ Concordant
Reference_Substance_1201,1001201-0,Cc1ccccc1C=CC=O,Non-Sensitizer,67.8,184.2,-4.49,22.4,Sensitizer (Cat. 1A/1B),⚠️ Discordant (Assay Variance)
Reference_Substance_1202,1001202-0,C=OC,Sensitizer (Cat. 1A/1B),55.6,17.7,-5.95,74.5,Non-Sensitizer,✅ Concordant
Reference_Substance_1203,1001203-0,CCC=CC=O,Non-Sensitizer,67.7,116.0,-6.48,91.9,Sensitizer (Cat. 1A/1B),✅ Concordant
Reference_Substance_1204,1001204-0,C=CCc1ccc(O)c(OC)c1C,Sensitizer (Cat. 1A/1B),77.0,633.8,-6.47,47.9,Sensitizer (Cat. 1A/1B),⚠️ Discordant (Assay Variance)
Reference_Substance_1205,1001205-0,CCC(C)=CCCC(C)=CCO,Non-Sensitizer,66.1,219.5,-3.47,64.4,Non-Sensitizer,✅ Concordant
Reference_Substance_1206,1001206-0,CC(CCCC(C)(C)O)CC=OC,Sensitizer (Cat. 1A/1B),65.9,193.2,-6.69,59.9,Non-Sensitizer,✅ Concordant
Reference_Substance_1207,1001207-0,O=c1ccoc2ccccc12C,Non-Sensitizer,49.6,78.3,-4.25,25.7,Non-Sensitizer,⚠️ Discordant (Assay Variance)
Reference_Substance_1208,1001208-0,Cc1ccccc1COCCO,Sensitizer (Cat. 1A/1B),50.4,114.9,-7.16,83.6,Sensitizer (Cat. 1A/1B),✅ Concordant
Reference_Substance_1209,1001209-0,COCC(O)CO,Non-Sensitizer,34.1,564.3,-5.21,56.0,Sensitizer (Cat. 1A/1B),✅ Concordant
Reference_Substance_1210,1001210-0,COC(=O)c1ccc(O)cc1C,Sensitizer (Cat. 1A/1B),99.5,274.5,-5.44,68.2,Sensitizer (Cat. 1A/1B),⚠️ Discordant (Assay Variance)
Reference_Substance_1211,1001211-0,Cc1ccccc1C=CC=O,Non-Sensitizer,37.6,387.1,-3.85,38.0,Sensitizer (Cat. 1A/1B),✅ Concordant
Reference_Substance_1212,1001212-0,C=OC,Sensitizer (Cat. 1A/1B),49.8,151.4,-6.59,70.9,Sensitizer (Cat. 1A/1B),✅ Concordant
Reference_Substance_1213,1001213-0,CCC=CC=O,Non-Sensitizer,49.2,248.7,-6.92,35.9,Non-Sensitizer,⚠️ Discordant (Assay Variance)
Reference_Substance_1214,1001214-0,C=CCc1ccc(O)c(OC)c1C,Sensitizer (Cat. 1A/1B),84.7,71.4,-5.94,67.5,Non-Sensitizer,✅ Concordant
Reference_Substance_1215,1001215-0,CCC(C)=CCCC(C)=CCO,Non-Sensitizer,58.5,305.6,-3.8,74.7,Sensitizer (Cat. 1A/1B),✅ Concordant
Reference_Substance_1216,1001216-0,CC(CCCC(C)(C)O)CC=OC,Sensitizer (Cat. 1A/1B),92.5,139.5,-6.86,50.8,Non-Sensitizer,⚠️ Discordant (Assay Variance)
Reference_Substance_1217,1001217-0,O=c1ccoc2ccccc12C,Non-Sensitizer,50.2,146.1,-8.91,19.7,Sensitizer (Cat. 1A/1B),✅ Concordant
Reference_Substance_1218,1001218-0,Cc1ccccc1COCCO,Sensitizer (Cat. 1A/1B),71.1,262.0,-5.73,45.5,Sensitizer (Cat. 1A/1B),✅ Concordant
Reference_Substance_1219,1001219-0,COCC(O)CO,Non-Sensitizer,46.6,688.3,-4.66,69.6,Non-Sensitizer,⚠️ Discordant (Assay Variance)
Reference_Substance_1220,1001220-0,COC(=O)c1ccc(O)cc1C,Sensitizer (Cat. 1A/1B),99.5,16.5,-7.02,60.2,Sensitizer (Cat. 1A/1B),✅ Concordant
Reference_Substance_1221,1001221-0,Cc1ccccc1C=CC=O,Non-Sensitizer,38.9,435.4,-4.78,35.4,Non-Sensitizer,✅ Concordant
Reference_Substance_1222,1001222-0,C=OC,Sensitizer (Cat. 1A/1B),71.8,86.5,-7.04,52.7,Non-Sensitizer,⚠️ Discordant (Assay Variance)
Reference_Substance_1223,1001223-0,CCC=CC=O,Non-Sensitizer,78.9,146.7,-5.98,71.3,Non-Sensitizer,✅ Concordant
Reference_Substance_1224,1001224-0,C=CCc1ccc(O)c(OC)c1C,Sensitizer (Cat. 1A/1B),74.1,5.5,-4.9,60.0,Sensitizer (Cat. 1A/1B),✅ Concordant
Reference_Substance_1225,1001225-0,CCC(C)=CCCC(C)=CCO,Non-Sensitizer,60.9,89.5,-7.22,25.7,Non-Sensitizer,⚠️ Discordant (Assay Variance)
Reference_Substance_1226,1001226-0,CC(CCCC(C)(C)O)CC=OC,Sensitizer (Cat. 1A/1B),62.1,174.6,-5.58,54.9,Non-Sensitizer,✅ Concordant
Reference_Substance_1227,1001227-0,O=c1ccoc2ccccc12C,Non-Sensitizer,66.0,14.5,-4.34,66.7,Non-Sensitizer,✅ Concordant
Reference_Substance_1228,1001228-0,Cc1ccccc1COCCO,Sensitizer (Cat. 1A/1B),61.8,168.9,-5.23,35.2,Non-Sensitizer,⚠️ Discordant (Assay Variance)
Reference_Substance_1229,1001229-0,COCC(O)CO,Non-Sensitizer,86.2,654.7,-6.66,13.0,Sensitizer (Cat. 1A/1B),✅ Concordant
Reference_Substance_1230,1001230-0,COC(=O)c1ccc(O)cc1C,Sensitizer (Cat. 1A/1B),99.5,27.8,-3.98,33.5,Non-Sensitizer,✅ Concordant
Reference_Substance_1231,1001231-0,Cc1ccccc1C=CC=O,Non-Sensitizer,52.7,361.4,-5.01,56.9,Non-Sensitizer,⚠️ Discordant (Assay Variance)
Reference_Substance_1232,1001232-0,C=OC,Sensitizer (Cat. 1A/1B),34.9,131.8,-8.03,38.8,Sensitizer (Cat. 1A/1B),✅ Concordant
Reference_Substance_1233,1001233-0,CCC=CC=O,Non-Sensitizer,63.1,266.2,-4.76,82.0,Non-Sensitizer,✅ Concordant
Reference_Substance_1234,1001234-0,C=CCc1ccc(O)c(OC)c1C,Sensitizer (Cat. 1A/1B),99.5,75.4,-6.49,11.7,Non-Sensitizer,⚠️ Discordant (Assay Variance)
Reference_Substance_1235,1001235-0,CCC(C)=CCCC(C)=CCO,Non-Sensitizer,47.3,43.4,-5.56,18.0,Non-Sensitizer,✅ Concordant
Reference_Substance_1236,1001236-0,CC(CCCC(C)(C)O)CC=OC,Sensitizer (Cat. 1A/1B),99.5,43.7,-4.59,8.5,Sensitizer (Cat. 1A/1B),✅ Concordant
Reference_Substance_1237,1001237-0,O=c1ccoc2ccccc12C,Non-Sensitizer,99.5,18.3,-6.46,61.9,Non-Sensitizer,⚠️ Discordant (Assay Variance)
Reference_Substance_1238,1001238-0,Cc1ccccc1COCCO,Sensitizer (Cat. 1A/1B),52.8,51.3,-7.77,10.4,Sensitizer (Cat. 1A/1B),✅ Concordant
Reference_Substance_1239,1001239-0,COCC(O)CO,Non-Sensitizer,77.5,272.8,-3.99,97.0,Sensitizer (Cat. 1A/1B),✅ Concordant
Reference_Substance_1240,1001240-0,COC(=O)c1ccc(O)cc1C,Sensitizer (Cat. 1A/1B),99.5,533.6,-4.4,82.5,Sensitizer (Cat. 1A/1B),⚠️ Discordant (Assay Variance)
Reference_Substance_1241,1001241-0,Cc1ccccc1C=CC=O,Non-Sensitizer,56.7,420.7,-5.9,11.0,Non-Sensitizer,✅ Concordant
Reference_Substance_1242,1001242-0,C=OC,Sensitizer (Cat. 1A/1B),60.5,288.9,-4.78,38.2,Non-Sensitizer,✅ Concordant
Reference_Substance_1243,1001243-0,CCC=CC=O,Non-Sensitizer,52.2,29.3,-6.24,59.8,Sensitizer (Cat. 1A/1B),⚠️ Discordant (Assay Variance)
Reference_Substance_1244,1001244-0,C=CCc1ccc(O)c(OC)c1C,Sensitizer (Cat. 1A/1B),42.7,85.3,-5.68,6.6,Sensitizer (Cat. 1A/1B),✅ Concordant
Reference_Substance_1245,1001245-0,CCC(C)=CCCC(C)=CCO,Non-Sensitizer,50.7,92.7,-5.97,57.4,Non-Sensitizer,✅ Concordant
Reference_Substance_1246,1001246-0,CC(CCCC(C)(C)O)CC=OC,Sensitizer (Cat. 1A/1B),38.1,71.9,-6.19,55.4,Non-Sensitizer,⚠️ Discordant (Assay Variance)
Reference_Substance_1247,1001247-0,O=c1ccoc2ccccc12C,Non-Sensitizer,65.7,180.9,-5.37,26.5,Non-Sensitizer,✅ Concordant
Reference_Substance_1248,1001248-0,Cc1ccccc1COCCO,Sensitizer (Cat. 1A/1B),48.1,191.7,-7.25,43.5,Non-Sensitizer,✅ Concordant
Reference_Substance_1249,1001249-0,COCC(O)CO,Non-Sensitizer,70.1,110.4,-6.1,71.4,Non-Sensitizer,⚠️ Discordant (Assay Variance)
Reference_Substance_1250,1001250-0,COC(=O)c1ccc(O)cc1C,Sensitizer (Cat. 1A/1B),30.8,109.2,-5.42,66.5,Non-Sensitizer,✅ Concordant
Reference_Substance_1251,1001251-0,Cc1ccccc1C=CC=O,Non-Sensitizer,72.3,440.9,-3.59,54.3,Non-Sensitizer,✅ Concordant
Reference_Substance_1252,1001252-0,C=OC,Sensitizer (Cat. 1A/1B),83.3,389.3,-7.2,48.0,Non-Sensitizer,⚠️ Discordant (Assay Variance)
Reference_Substance_1253,1001253-0,CCC=CC=O,Non-Sensitizer,21.1,92.0,-5.18,33.1,Sensitizer (Cat. 1A/1B),✅ Concordant
Reference_Substance_1254,1001254-0,C=CCc1ccc(O)c(OC)c1C,Sensitizer (Cat. 1A/1B),73.2,612.7,-5.04,44.2,Non-Sensitizer,✅ Concordant
Reference_Substance_1255,1001255-0,CCC(C)=CCCC(C)=CCO,Non-Sensitizer,92.0,763.4,-8.05,17.4,Non-Sensitizer,⚠️ Discordant (Assay Variance)
Reference_Substance_1256,1001256-0,CC(CCCC(C)(C)O)CC=OC,Sensitizer (Cat. 1A/1B),38.4,98.9,-5.31,7.8,Sensitizer (Cat. 1A/1B),✅ Concordant
Reference_Substance_1257,1001257-0,O=c1ccoc2ccccc12C,Non-Sensitizer,99.5,109.4,-4.74,59.4,Sensitizer (Cat. 1A/1B),✅ Concordant
Reference_Substance_1258,1001258-0,Cc1ccccc1COCCO,Sensitizer (Cat. 1A/1B),74.2,176.1,-5.09,16.2,Sensitizer (Cat. 1A/1B),⚠️ Discordant (Assay Variance)
Reference_Substance_1259,1001259-0,COCC(O)CO,Non-Sensitizer,49.5,708.1,-5.9,19.4,Non-Sensitizer,✅ Concordant
Reference_Substance_1260,1001260-0,COC(=O)c1ccc(O)cc1C,Sensitizer (Cat. 1A/1B),63.8,522.5,-5.4,79.8,Non-Sensitizer,✅ Concordant
Reference_Substance_1261,1001261-0,Cc1ccccc1C=CC=O,Non-Sensitizer,77.3,27.1,-5.6,51.8,Sensitizer (Cat. 1A/1B),⚠️ Discordant (Assay Variance)
Reference_Substance_1262,1001262-0,C=OC,Sensitizer (Cat. 1A/1B),66.7,124.7,-7.83,54.6,Sensitizer (Cat. 1A/1B),✅ Concordant
Reference_Substance_1263,1001263-0,CCC=CC=O,Non-Sensitizer,76.9,201.5,-5.57,14.2,Non-Sensitizer,✅ Concordant
Reference_Substance_1264,1001264-0,C=CCc1ccc(O)c(OC)c1C,Sensitizer (Cat. 1A/1B),44.7,174.9,-6.24,51.6,Sensitizer (Cat. 1A/1B),⚠️ Discordant (Assay Variance)
Reference_Substance_1265,1001265-0,CCC(C)=CCCC(C)=CCO,Non-Sensitizer,68.7,53.9,-6.65,72.0,Non-Sensitizer,✅ Concordant
Reference_Substance_1266,1001266-0,CC(CCCC(C)(C)O)CC=OC,Sensitizer (Cat. 1A/1B),33.9,489.4,-2.82,92.7,Non-Sensitizer,✅ Concordant
Reference_Substance_1267,1001267-0,O=c1ccoc2ccccc12C,Non-Sensitizer,62.6,282.5,-4.3,49.6,Sensitizer (Cat. 1A/1B),⚠️ Discordant (Assay Variance)
Reference_Substance_1268,1001268-0,Cc1ccccc1COCCO,Sensitizer (Cat. 1A/1B),45.1,454.9,-7.18,34.5,Sensitizer (Cat. 1A/1B),✅ Concordant
Reference_Substance_1269,1001269-0,COCC(O)CO,Non-Sensitizer,48.8,489.3,-5.38,76.9,Sensitizer (Cat. 1A/1B),✅ Concordant
Reference_Substance_1270,1001270-0,COC(=O)c1ccc(O)cc1C,Sensitizer (Cat. 1A/1B),92.2,344.9,-4.05,36.8,Non-Sensitizer,⚠️ Discordant (Assay Variance)
Reference_Substance_1271,1001271-0,Cc1ccccc1C=CC=O,Non-Sensitizer,89.0,144.6,-7.6,33.4,Sensitizer (Cat. 1A/1B),✅ Concordant
Reference_Substance_1272,1001272-0,C=OC,Sensitizer (Cat. 1A/1B),78.4,235.8,-5.71,75.9,Sensitizer (Cat. 1A/1B),✅ Concordant
Reference_Substance_1273,1001273-0,CCC=CC=O,Non-Sensitizer,41.0,43.7,-5.65,19.6,Non-Sensitizer,⚠️ Discordant (Assay Variance)
Reference_Substance_1274,1001274-0,C=CCc1ccc(O)c(OC)c1C,Sensitizer (Cat. 1A/1B),58.0,279.9,-7.33,30.9,Non-Sensitizer,✅ Concordant
Reference_Substance_1275,1001275-0,CCC(C)=CCCC(C)=CCO,Non-Sensitizer,91.7,49.4,-5.34,46.8,Non-Sensitizer,✅ Concordant
Reference_Substance_1276,1001276-0,CC(CCCC(C)(C)O)CC=OC,Sensitizer (Cat. 1A/1B),68.1,296.0,-4.46,24.6,Non-Sensitizer,⚠️ Discordant (Assay Variance)
Reference_Substance_1277,1001277-0,O=c1ccoc2ccccc12C,Non-Sensitizer,99.5,65.2,-3.99,34.4,Sensitizer (Cat. 1A/1B),✅ Concordant
Reference_Substance_1278,1001278-0,Cc1ccccc1COCCO,Sensitizer (Cat. 1A/1B),73.7,31.3,-6.1,32.8,Sensitizer (Cat. 1A/1B),✅ Concordant
Reference_Substance_1279,1001279-0,COCC(O)CO,Non-Sensitizer,69.2,45.2,-2.8,68.7,Non-Sensitizer,⚠️ Discordant (Assay Variance)
Reference_Substance_1280,1001280-0,COC(=O)c1ccc(O)cc1C,Sensitizer (Cat. 1A/1B),58.2,5.0,-8.27,89.5,Sensitizer (Cat. 1A/1B),✅ Concordant
Reference_Substance_1281,1001281-0,Cc1ccccc1C=CC=O,Non-Sensitizer,67.9,317.1,-5.37,43.3,Non-Sensitizer,✅ Concordant
Reference_Substance_1282,1001282-0,C=OC,Sensitizer (Cat. 1A/1B),61.6,329.6,-7.49,44.9,Sensitizer (Cat. 1A/1B),⚠️ Discordant (Assay Variance)
Reference_Substance_1283,1001283-0,CCC=CC=O,Non-Sensitizer,80.6,180.9,-5.69,47.6,Sensitizer (Cat. 1A/1B),✅ Concordant
Reference_Substance_1284,1001284-0,C=CCc1ccc(O)c(OC)c1C,Sensitizer (Cat. 1A/1B),86.0,44.0,-6.43,21.5,Sensitizer (Cat. 1A/1B),✅ Concordant
Reference_Substance_1285,1001285-0,CCC(C)=CCCC(C)=CCO,Non-Sensitizer,47.7,21.8,-5.19,81.3,Sensitizer (Cat. 1A/1B),⚠️ Discordant (Assay Variance)
Reference_Substance_1286,1001286-0,CC(CCCC(C)(C)O)CC=OC,Sensitizer (Cat. 1A/1B),35.7,5.0,-5.95,91.7,Sensitizer (Cat. 1A/1B),✅ Concordant
Reference_Substance_1287,1001287-0,O=c1ccoc2ccccc12C,Non-Sensitizer,24.6,45.3,-6.79,55.0,Non-Sensitizer,✅ Concordant
Reference_Substance_1288,1001288-0,Cc1ccccc1COCCO,Sensitizer (Cat. 1A/1B),76.2,553.8,-6.71,75.0,Sensitizer (Cat. 1A/1B),⚠️ Discordant (Assay Variance)
Reference_Substance_1289,1001289-0,COCC(O)CO,Non-Sensitizer,40.7,69.1,-3.48,72.5,Sensitizer (Cat. 1A/1B),✅ Concordant
Reference_Substance_1290,1001290-0,COC(=O)c1ccc(O)cc1C,Sensitizer (Cat. 1A/1B),17.6,109.3,-5.27,55.0,Sensitizer (Cat. 1A/1B),✅ Concordant
Reference_Substance_1291,1001291-0,Cc1ccccc1C=CC=O,Non-Sensitizer,73.5,27.8,-7.84,69.0,Sensitizer (Cat. 1A/1B),⚠️ Discordant (Assay Variance)
Reference_Substance_1292,1001292-0,C=OC,Sensitizer (Cat. 1A/1B),99.5,62.9,-5.14,70.9,Sensitizer (Cat. 1A/1B),✅ Concordant
Reference_Substance_1293,1001293-0,CCC=CC=O,Non-Sensitizer,64.9,183.1,-6.03,21.3,Non-Sensitizer,✅ Concordant
Reference_Substance_1294,1001294-0,C=CCc1ccc(O)c(OC)c1C,Sensitizer (Cat. 1A/1B),83.4,234.0,-5.79,54.0,Non-Sensitizer,⚠️ Discordant (Assay Variance)
Reference_Substance_1295,1001295-0,CCC(C)=CCCC(C)=CCO,Non-Sensitizer,66.8,70.4,-4.82,53.1,Non-Sensitizer,✅ Concordant
Reference_Substance_1296,1001296-0,CC(CCCC(C)(C)O)CC=OC,Sensitizer (Cat. 1A/1B),62.8,14.9,-4.38,30.8,Non-Sensitizer,✅ Concordant
Reference_Substance_1297,1001297-0,O=c1ccoc2ccccc12C,Non-Sensitizer,85.2,124.0,-6.83,24.8,Sensitizer (Cat. 1A/1B),⚠️ Discordant (Assay Variance)
Reference_Substance_1298,1001298-0,Cc1ccccc1COCCO,Sensitizer (Cat. 1A/1B),58.6,66.7,-5.84,55.1,Sensitizer (Cat. 1A/1B),✅ Concordant
Reference_Substance_1299,1001299-0,COCC(O)CO,Non-Sensitizer,70.9,62.0,-6.46,30.5,Non-Sensitizer,✅ Concordant
Reference_Substance_1300,1001300-0,COC(=O)c1ccc(O)cc1C,Sensitizer (Cat. 1A/1B),72.1,803.9,-5.08,53.2,Sensitizer (Cat. 1A/1B),⚠️ Discordant (Assay Variance)
Reference_Substance_1301,1001301-0,Cc1ccccc1C=CC=O,Non-Sensitizer,50.3,239.5,-6.08,62.7,Sensitizer (Cat. 1A/1B),✅ Concordant
Reference_Substance_1302,1001302-0,C=OC,Sensitizer (Cat. 1A/1B),86.8,203.5,-5.76,16.9,Sensitizer (Cat. 1A/1B),✅ Concordant
Reference_Substance_1303,1001303-0,CCC=CC=O,Non-Sensitizer,61.2,134.4,-6.12,50.0,Non-Sensitizer,⚠️ Discordant (Assay Variance)
Reference_Substance_1304,1001304-0,C=CCc1ccc(O)c(OC)c1C,Sensitizer (Cat. 1A/1B),48.4,140.1,-5.93,43.8,Non-Sensitizer,✅ Concordant
Reference_Substance_1305,1001305-0,CCC(C)=CCCC(C)=CCO,Non-Sensitizer,76.8,194.6,-3.75,68.4,Sensitizer (Cat. 1A/1B),✅ Concordant
Reference_Substance_1306,1001306-0,CC(CCCC(C)(C)O)CC=OC,Sensitizer (Cat. 1A/1B),45.2,298.0,-2.93,29.2,Non-Sensitizer,⚠️ Discordant (Assay Variance)
Reference_Substance_1307,1001307-0,O=c1ccoc2ccccc12C,Non-Sensitizer,65.6,302.8,-5.35,80.0,Non-Sensitizer,✅ Concordant
Reference_Substance_1308,1001308-0,Cc1ccccc1COCCO,Sensitizer (Cat. 1A/1B),64.8,47.1,-5.92,52.5,Non-Sensitizer,✅ Concordant
Reference_Substance_1309,1001309-0,COCC(O)CO,Non-Sensitizer,88.9,173.3,-7.71,75.0,Sensitizer (Cat. 1A/1B),⚠️ Discordant (Assay Variance)
Reference_Substance_1310,1001310-0,COC(=O)c1ccc(O)cc1C,Sensitizer (Cat. 1A/1B),75.4,132.7,-6.71,75.3,Non-Sensitizer,✅ Concordant
Reference_Substance_1311,1001311-0,Cc1ccccc1C=CC=O,Non-Sensitizer,64.4,511.1,-5.95,48.6,Non-Sensitizer,✅ Concordant
Reference_Substance_1312,1001312-0,C=OC,Sensitizer (Cat. 1A/1B),83.0,249.5,-6.66,16.0,Sensitizer (Cat. 1A/1B),⚠️ Discordant (Assay Variance)
Reference_Substance_1313,1001313-0,CCC=CC=O,Non-Sensitizer,95.6,190.1,-6.53,19.8,Sensitizer (Cat. 1A/1B),✅ Concordant
Reference_Substance_1314,1001314-0,C=CCc1ccc(O)c(OC)c1C,Sensitizer (Cat. 1A/1B),77.3,30.7,-3.91,80.5,Sensitizer (Cat. 1A/1B),✅ Concordant
Reference_Substance_1315,1001315-0,CCC(C)=CCCC(C)=CCO,Non-Sensitizer,65.2,232.6,-5.77,27.4,Non-Sensitizer,⚠️ Discordant (Assay Variance)
Reference_Substance_1316,1001316-0,CC(CCCC(C)(C)O)CC=OC,Sensitizer (Cat. 1A/1B),36.1,31.2,-5.66,61.6,Non-Sensitizer,✅ Concordant
Reference_Substance_1317,1001317-0,O=c1ccoc2ccccc12C,Non-Sensitizer,41.6,102.8,-6.61,79.6,Non-Sensitizer,✅ Concordant
Reference_Substance_1318,1001318-0,Cc1ccccc1COCCO,Sensitizer (Cat. 1A/1B),58.3,38.5,-4.39,45.3,Sensitizer (Cat. 1A/1B),⚠️ Discordant (Assay Variance)
Reference_Substance_1319,1001319-0,COCC(O)CO,Non-Sensitizer,51.6,294.5,-6.06,43.3,Sensitizer (Cat. 1A/1B),✅ Concordant
Reference_Substance_1320,1001320-0,COC(=O)c1ccc(O)cc1C,Sensitizer (Cat. 1A/1B),60.9,57.7,-6.43,65.7,Non-Sensitizer,✅ Concordant
Reference_Substance_1321,1001321-0,Cc1ccccc1C=CC=O,Non-Sensitizer,66.2,124.3,-7.7,33.9,Non-Sensitizer,⚠️ Discordant (Assay Variance)
Reference_Substance_1322,1001322-0,C=OC,Sensitizer (Cat. 1A/1B),76.7,565.1,-5.87,87.4,Non-Sensitizer,✅ Concordant
Reference_Substance_1323,1001323-0,CCC=CC=O,Non-Sensitizer,63.4,57.1,-6.46,19.7,Non-Sensitizer,✅ Concordant
Reference_Substance_1324,1001324-0,C=CCc1ccc(O)c(OC)c1C,Sensitizer (Cat. 1A/1B),75.7,177.2,-3.78,83.2,Sensitizer (Cat. 1A/1B),⚠️ Discordant (Assay Variance)
Reference_Substance_1325,1001325-0,CCC(C)=CCCC(C)=CCO,Non-Sensitizer,66.4,135.9,-3.59,16.9,Sensitizer (Cat. 1A/1B),✅ Concordant
Reference_Substance_1326,1001326-0,CC(CCCC(C)(C)O)CC=OC,Sensitizer (Cat. 1A/1B),21.5,5.0,-7.28,95.6,Non-Sensitizer,✅ Concordant
Reference_Substance_1327,1001327-0,O=c1ccoc2ccccc12C,Non-Sensitizer,44.3,393.5,-7.15,31.5,Non-Sensitizer,⚠️ Discordant (Assay Variance)
Reference_Substance_1328,1001328-0,Cc1ccccc1COCCO,Sensitizer (Cat. 1A/1B),61.8,17.9,-6.13,62.9,Sensitizer (Cat. 1A/1B),✅ Concordant
Reference_Substance_1329,1001329-0,COCC(O)CO,Non-Sensitizer,38.4,160.7,-6.78,31.4,Sensitizer (Cat. 1A/1B),✅ Concordant
Reference_Substance_1330,1001330-0,COC(=O)c1ccc(O)cc1C,Sensitizer (Cat. 1A/1B),78.2,205.6,-5.54,30.5,Non-Sensitizer,⚠️ Discordant (Assay Variance)
Reference_Substance_1331,1001331-0,Cc1ccccc1C=CC=O,Non-Sensitizer,98.7,247.5,-6.19,71.2,Sensitizer (Cat. 1A/1B),✅ Concordant
Reference_Substance_1332,1001332-0,C=OC,Sensitizer (Cat. 1A/1B),91.8,291.7,-5.46,16.9,Sensitizer (Cat. 1A/1B),✅ Concordant
Reference_Substance_1333,1001333-0,CCC=CC=O,Non-Sensitizer,60.3,73.0,-4.58,83.0,Non-Sensitizer,⚠️ Discordant (Assay Variance)
Reference_Substance_1334,1001334-0,C=CCc1ccc(O)c(OC)c1C,Sensitizer (Cat. 1A/1B),97.8,5.0,-7.08,65.4,Sensitizer (Cat. 1A/1B),✅ Concordant
Reference_Substance_1335,1001335-0,CCC(C)=CCCC(C)=CCO,Non-Sensitizer,68.3,321.3,-4.61,62.1,Sensitizer (Cat. 1A/1B),✅ Concordant
Reference_Substance_1336,1001336-0,CC(CCCC(C)(C)O)CC=OC,Sensitizer (Cat. 1A/1B),57.6,191.8,-6.67,31.5,Non-Sensitizer,⚠️ Discordant (Assay Variance)
Reference_Substance_1337,1001337-0,O=c1ccoc2ccccc12C,Non-Sensitizer,51.5,452.2,-3.22,73.9,Non-Sensitizer,✅ Concordant
Reference_Substance_1338,1001338-0,Cc1ccccc1COCCO,Sensitizer (Cat. 1A/1B),58.3,430.6,-3.85,8.4,Sensitizer (Cat. 1A/1B),✅ Concordant
Reference_Substance_1339,1001339-0,COCC(O)CO,Non-Sensitizer,56.5,463.4,-5.94,49.8,Sensitizer (Cat. 1A/1B),⚠️ Discordant (Assay Variance)
Reference_Substance_1340,1001340-0,COC(=O)c1ccc(O)cc1C,Sensitizer (Cat. 1A/1B),68.7,165.9,-6.96,39.5,Non-Sensitizer,✅ Concordant
Reference_Substance_1341,1001341-0,Cc1ccccc1C=CC=O,Non-Sensitizer,68.5,101.5,-7.19,53.8,Non-Sensitizer,✅ Concordant
Reference_Substance_1342,1001342-0,C=OC,Sensitizer (Cat. 1A/1B),65.1,392.0,-4.75,64.5,Sensitizer (Cat. 1A/1B),⚠️ Discordant (Assay Variance)
Reference_Substance_1343,1001343-0,CCC=CC=O,Non-Sensitizer,74.6,150.0,-5.84,27.3,Sensitizer (Cat. 1A/1B),✅ Concordant
Reference_Substance_1344,1001344-0,C=CCc1ccc(O)c(OC)c1C,Sensitizer (Cat. 1A/1B),91.2,50.7,-4.69,75.3,Non-Sensitizer,✅ Concordant
Reference_Substance_1345,1001345-0,CCC(C)=CCCC(C)=CCO,Non-Sensitizer,85.9,482.7,-3.15,30.3,Non-Sensitizer,⚠️ Discordant (Assay Variance)
Reference_Substance_1346,1001346-0,CC(CCCC(C)(C)O)CC=OC,Sensitizer (Cat. 1A/1B),32.3,535.5,-6.72,34.3,Non-Sensitizer,✅ Concordant
Reference_Substance_1347,1001347-0,O=c1ccoc2ccccc12C,Non-Sensitizer,8.8,157.0,-7.28,76.3,Sensitizer (Cat. 1A/1B),✅ Concordant
Reference_Substance_1348,1001348-0,Cc1ccccc1COCCO,Sensitizer (Cat. 1A/1B),85.6,19.7,-5.57,48.5,Non-Sensitizer,⚠️ Discordant (Assay Variance)
Reference_Substance_1349,1001349-0,COCC(O)CO,Non-Sensitizer,34.9,122.7,-4.43,42.8,Sensitizer (Cat. 1A/1B),✅ Concordant
Reference_Substance_1350,1001350-0,COC(=O)c1ccc(O)cc1C,Sensitizer (Cat. 1A/1B),60.1,406.8,-6.93,18.4,Sensitizer (Cat. 1A/1B),✅ Concordant
Reference_Substance_1351,1001351-0,Cc1ccccc1C=CC=O,Non-Sensitizer,39.3,580.1,-5.76,69.3,Non-Sensitizer,⚠️ Discordant (Assay Variance)
Reference_Substance_1352,1001352-0,C=OC,Sensitizer (Cat. 1A/1B),25.4,56.9,-4.16,52.0,Sensitizer (Cat. 1A/1B),✅ Concordant
Reference_Substance_1353,1001353-0,CCC=CC=O,Non-Sensitizer,76.9,17.3,-7.76,23.0,Sensitizer (Cat. 1A/1B),✅ Concordant
Reference_Substance_1354,1001354-0,C=CCc1ccc(O)c(OC)c1C,Sensitizer (Cat. 1A/1B),81.7,524.6,-5.52,67.9,Non-Sensitizer,⚠️ Discordant (Assay Variance)
Reference_Substance_1355,1001355-0,CCC(C)=CCCC(C)=CCO,Non-Sensitizer,52.3,123.3,-6.45,21.5,Sensitizer (Cat. 1A/1B),✅ Concordant
Reference_Substance_1356,1001356-0,CC(CCCC(C)(C)O)CC=OC,Sensitizer (Cat. 1A/1B),8.0,195.1,-5.65,75.8,Non-Sensitizer,✅ Concordant
Reference_Substance_1357,1001357-0,O=c1ccoc2ccccc12C,Non-Sensitizer,53.0,861.0,-4.95,9.5,Sensitizer (Cat. 1A/1B),⚠️ Discordant (Assay Variance)
Reference_Substance_1358,1001358-0,Cc1ccccc1COCCO,Sensitizer (Cat. 1A/1B),73.6,17.2,-5.54,45.9,Non-Sensitizer,✅ Concordant
Reference_Substance_1359,1001359-0,COCC(O)CO,Non-Sensitizer,32.5,261.3,-7.01,92.1,Sensitizer (Cat. 1A/1B),✅ Concordant
Reference_Substance_1360,1001360-0,COC(=O)c1ccc(O)cc1C,Sensitizer (Cat. 1A/1B),69.0,19.2,-6.4,53.9,Sensitizer (Cat. 1A/1B),⚠️ Discordant (Assay Variance)
Reference_Substance_1361,1001361-0,Cc1ccccc1C=CC=O,Non-Sensitizer,64.7,117.7,-4.09,18.6,Non-Sensitizer,✅ Concordant
Reference_Substance_1362,1001362-0,C=OC,Sensitizer (Cat. 1A/1B),77.7,407.2,-5.41,46.3,Non-Sensitizer,✅ Concordant
Reference_Substance_1363,1001363-0,CCC=CC=O,Non-Sensitizer,67.6,142.1,-4.79,32.2,Sensitizer (Cat. 1A/1B),⚠️ Discordant (Assay Variance)
Reference_Substance_1364,1001364-0,C=CCc1ccc(O)c(OC)c1C,Sensitizer (Cat. 1A/1B),43.6,1468.0,-5.5,57.2,Sensitizer (Cat. 1A/1B),✅ Concordant
Reference_Substance_1365,1001365-0,CCC(C)=CCCC(C)=CCO,Non-Sensitizer,91.3,204.7,-4.83,30.9,Sensitizer (Cat. 1A/1B),✅ Concordant
Reference_Substance_1366,1001366-0,CC(CCCC(C)(C)O)CC=OC,Sensitizer (Cat. 1A/1B),61.5,96.8,-6.28,52.4,Sensitizer (Cat. 1A/1B),⚠️ Discordant (Assay Variance)
Reference_Substance_1367,1001367-0,O=c1ccoc2ccccc12C,Non-Sensitizer,64.4,62.2,-6.72,72.4,Non-Sensitizer,✅ Concordant
Reference_Substance_1368,1001368-0,Cc1ccccc1COCCO,Sensitizer (Cat. 1A/1B),44.5,107.9,-4.88,53.5,Non-Sensitizer,✅ Concordant
Reference_Substance_1369,1001369-0,COCC(O)CO,Non-Sensitizer,55.2,116.5,-4.45,38.6,Sensitizer (Cat. 1A/1B),⚠️ Discordant (Assay Variance)
Reference_Substance_1370,1001370-0,COC(=O)c1ccc(O)cc1C,Sensitizer (Cat. 1A/1B),45.5,17.8,-6.9,55.2,Non-Sensitizer,✅ Concordant
Reference_Substance_1371,1001371-0,Cc1ccccc1C=CC=O,Non-Sensitizer,61.2,115.3,-6.49,76.4,Non-Sensitizer,✅ Concordant
Reference_Substance_1372,1001372-0,C=OC,Sensitizer (Cat. 1A/1B),99.5,156.0,-6.0,67.6,Non-Sensitizer,⚠️ Discordant (Assay Variance)
Reference_Substance_1373,1001373-0,CCC=CC=O,Non-Sensitizer,34.8,320.7,-3.86,74.3,Non-Sensitizer,✅ Concordant
Reference_Substance_1374,1001374-0,C=CCc1ccc(O)c(OC)c1C,Sensitizer (Cat. 1A/1B),29.5,267.3,-5.12,41.1,Sensitizer (Cat. 1A/1B),✅ Concordant
Reference_Substance_1375,1001375-0,CCC(C)=CCCC(C)=CCO,Non-Sensitizer,97.4,308.4,-7.39,35.1,Non-Sensitizer,⚠️ Discordant (Assay Variance)
Reference_Substance_1376,1001376-0,CC(CCCC(C)(C)O)CC=OC,Sensitizer (Cat. 1A/1B),60.4,5.0,-5.91,81.5,Non-Sensitizer,✅ Concordant
Reference_Substance_1377,1001377-0,O=c1ccoc2ccccc12C,Non-Sensitizer,50.3,61.4,-6.1,65.2,Non-Sensitizer,✅ Concordant
Reference_Substance_1378,1001378-0,Cc1ccccc1COCCO,Sensitizer (Cat. 1A/1B),87.9,270.9,-7.21,64.7,Sensitizer (Cat. 1A/1B),⚠️ Discordant (Assay Variance)
Reference_Substance_1379,1001379-0,COCC(O)CO,Non-Sensitizer,51.7,165.4,-5.93,87.8,Sensitizer (Cat. 1A/1B),✅ Concordant
Reference_Substance_1380,1001380-0,COC(=O)c1ccc(O)cc1C,Sensitizer (Cat. 1A/1B),99.5,5.0,-6.15,36.9,Non-Sensitizer,✅ Concordant
Reference_Substance_1381,1001381-0,Cc1ccccc1C=CC=O,Non-Sensitizer,79.9,408.0,-6.23,67.6,Sensitizer (Cat. 1A/1B),⚠️ Discordant (Assay Variance)
Reference_Substance_1382,1001382-0,C=OC,Sensitizer (Cat. 1A/1B),54.3,370.5,-6.29,56.5,Sensitizer (Cat. 1A/1B),✅ Concordant
Reference_Substance_1383,1001383-0,CCC=CC=O,Non-Sensitizer,99.5,198.8,-4.03,36.4,Sensitizer (Cat. 1A/1B),✅ Concordant
Reference_Substance_1384,1001384-0,C=CCc1ccc(O)c(OC)c1C,Sensitizer (Cat. 1A/1B),51.7,17.2,-6.24,37.5,Sensitizer (Cat. 1A/1B),⚠️ Discordant (Assay Variance)
Reference_Substance_1385,1001385-0,CCC(C)=CCCC(C)=CCO,Non-Sensitizer,81.3,363.7,-5.74,7.6,Non-Sensitizer,✅ Concordant
Reference_Substance_1386,1001386-0,CC(CCCC(C)(C)O)CC=OC,Sensitizer (Cat. 1A/1B),71.6,219.1,-5.87,60.3,Non-Sensitizer,✅ Concordant
Reference_Substance_1387,1001387-0,O=c1ccoc2ccccc12C,Non-Sensitizer,93.6,380.8,-6.41,21.1,Non-Sensitizer,⚠️ Discordant (Assay Variance)
Reference_Substance_1388,1001388-0,Cc1ccccc1COCCO,Sensitizer (Cat. 1A/1B),99.4,348.3,-5.7,57.2,Sensitizer (Cat. 1A/1B),✅ Concordant
Reference_Substance_1389,1001389-0,COCC(O)CO,Non-Sensitizer,65.7,406.1,-5.72,68.5,Non-Sensitizer,✅ Concordant
Reference_Substance_1390,1001390-0,COC(=O)c1ccc(O)cc1C,Sensitizer (Cat. 1A/1B),48.4,182.5,-5.7,52.2,Sensitizer (Cat. 1A/1B),⚠️ Discordant (Assay Variance)
Reference_Substance_1391,1001391-0,Cc1ccccc1C=CC=O,Non-Sensitizer,75.1,37.8,-6.83,92.4,Non-Sensitizer,✅ Concordant
Reference_Substance_1392,1001392-0,C=OC,Sensitizer (Cat. 1A/1B),50.1,278.0,-6.05,78.2,Non-Sensitizer,✅ Concordant
Reference_Substance_1393,1001393-0,CCC=CC=O,Non-Sensitizer,99.5,242.2,-4.89,43.4,Non-Sensitizer,⚠️ Discordant (Assay Variance)
Reference_Substance_1394,1001394-0,C=CCc1ccc(O)c(OC)c1C,Sensitizer (Cat. 1A/1B),68.0,338.9,-6.02,42.4,Sensitizer (Cat. 1A/1B),✅ Concordant
Reference_Substance_1395,1001395-0,CCC(C)=CCCC(C)=CCO,Non-Sensitizer,57.0,46.5,-5.61,47.9,Sensitizer (Cat. 1A/1B),✅ Concordant
Reference_Substance_1396,1001396-0,CC(CCCC(C)(C)O)CC=OC,Sensitizer (Cat. 1A/1B),69.1,54.2,-5.6,26.0,Non-Sensitizer,⚠️ Discordant (Assay Variance)
Reference_Substance_1397,1001397-0,O=c1ccoc2ccccc12C,Non-Sensitizer,35.4,552.8,-5.3,50.2,Non-Sensitizer,✅ Concordant
Reference_Substance_1398,1001398-0,Cc1ccccc1COCCO,Sensitizer (Cat. 1A/1B),43.6,346.6,-5.13,88.9,Sensitizer (Cat. 1A/1B),✅ Concordant
Reference_Substance_1399,1001399-0,COCC(O)CO,Non-Sensitizer,91.4,597.1,-6.01,24.1,Sensitizer (Cat. 1A/1B),⚠️ Discordant (Assay Variance)
Reference_Substance_1400,1001400-0,COC(=O)c1ccc(O)cc1C,Sensitizer (Cat. 1A/1B),50.5,355.4,-6.89,37.0,Non-Sensitizer,✅ Concordant
Reference_Substance_1401,1001401-0,Cc1ccccc1C=CC=O,Non-Sensitizer,42.0,227.3,-7.26,67.7,Sensitizer (Cat. 1A/1B),✅ Concordant
Reference_Substance_1402,1001402-0,C=OC,Sensitizer (Cat. 1A/1B),76.8,265.4,-4.58,36.8,Sensitizer (Cat. 1A/1B),⚠️ Discordant (Assay Variance)
Reference_Substance_1403,1001403-0,CCC=CC=O,Non-Sensitizer,91.1,549.8,-4.88,65.7,Non-Sensitizer,✅ Concordant
Reference_Substance_1404,1001404-0,C=CCc1ccc(O)c(OC)c1C,Sensitizer (Cat. 1A/1B),80.8,216.2,-5.02,59.6,Non-Sensitizer,✅ Concordant
Reference_Substance_1405,1001405-0,CCC(C)=CCCC(C)=CCO,Non-Sensitizer,86.9,250.2,-4.83,55.3,Sensitizer (Cat. 1A/1B),⚠️ Discordant (Assay Variance)
Reference_Substance_1406,1001406-0,CC(CCCC(C)(C)O)CC=OC,Sensitizer (Cat. 1A/1B),48.4,42.5,-5.99,37.3,Non-Sensitizer,✅ Concordant
Reference_Substance_1407,1001407-0,O=c1ccoc2ccccc12C,Non-Sensitizer,33.7,160.6,-6.55,82.3,Sensitizer (Cat. 1A/1B),✅ Concordant
Reference_Substance_1408,1001408-0,Cc1ccccc1COCCO,Sensitizer (Cat. 1A/1B),98.0,315.0,-6.98,10.9,Sensitizer (Cat. 1A/1B),⚠️ Discordant (Assay Variance)
Reference_Substance_1409,1001409-0,COCC(O)CO,Non-Sensitizer,57.9,79.0,-7.11,38.7,Non-Sensitizer,✅ Concordant
Reference_Substance_1410,1001410-0,COC(=O)c1ccc(O)cc1C,Sensitizer (Cat. 1A/1B),59.5,56.5,-4.35,45.9,Non-Sensitizer,✅ Concordant
Reference_Substance_1411,1001411-0,Cc1ccccc1C=CC=O,Non-Sensitizer,94.2,94.2,-6.39,19.4,Non-Sensitizer,⚠️ Discordant (Assay Variance)
Reference_Substance_1412,1001412-0,C=OC,Sensitizer (Cat. 1A/1B),77.2,69.1,-4.53,82.0,Non-Sensitizer,✅ Concordant
Reference_Substance_1413,1001413-0,CCC=CC=O,Non-Sensitizer,75.0,60.5,-6.02,44.0,Non-Sensitizer,✅ Concordant
Reference_Substance_1414,1001414-0,C=CCc1ccc(O)c(OC)c1C,Sensitizer (Cat. 1A/1B),99.5,138.3,-6.61,34.9,Sensitizer (Cat. 1A/1B),⚠️ Discordant (Assay Variance)
Reference_Substance_1415,1001415-0,CCC(C)=CCCC(C)=CCO,Non-Sensitizer,50.8,596.1,-7.11,94.5,Sensitizer (Cat. 1A/1B),✅ Concordant
Reference_Substance_1416,1001416-0,CC(CCCC(C)(C)O)CC=OC,Sensitizer (Cat. 1A/1B),85.4,176.8,-6.51,61.9,Non-Sensitizer,✅ Concordant
Reference_Substance_1417,1001417-0,O=c1ccoc2ccccc12C,Non-Sensitizer,66.3,52.0,-4.1,51.9,Sensitizer (Cat. 1A/1B),⚠️ Discordant (Assay Variance)
Reference_Substance_1418,1001418-0,Cc1ccccc1COCCO,Sensitizer (Cat. 1A/1B),70.9,20.0,-7.1,57.1,Non-Sensitizer,✅ Concordant
Reference_Substance_1419,1001419-0,COCC(O)CO,Non-Sensitizer,98.6,297.8,-3.26,58.6,Non-Sensitizer,✅ Concordant
Reference_Substance_1420,1001420-0,COC(=O)c1ccc(O)cc1C,Sensitizer (Cat. 1A/1B),76.2,120.6,-6.81,42.7,Sensitizer (Cat. 1A/1B),⚠️ Discordant (Assay Variance)
Reference_Substance_1421,1001421-0,Cc1ccccc1C=CC=O,Non-Sensitizer,76.8,431.3,-4.9,57.6,Sensitizer (Cat. 1A/1B),✅ Concordant
Reference_Substance_1422,1001422-0,C=OC,Sensitizer (Cat. 1A/1B),88.6,269.3,-5.97,59.7,Sensitizer (Cat. 1A/1B),✅ Concordant
Reference_Substance_1423,1001423-0,CCC=CC=O,Non-Sensitizer,57.0,397.7,-6.18,51.8,Sensitizer (Cat. 1A/1B),⚠️ Discordant (Assay Variance)
Reference_Substance_1424,1001424-0,C=CCc1ccc(O)c(OC)c1C,Sensitizer (Cat. 1A/1B),46.5,79.3,-7.33,59.0,Sensitizer (Cat. 1A/1B),✅ Concordant
Reference_Substance_1425,1001425-0,CCC(C)=CCCC(C)=CCO,Non-Sensitizer,42.0,294.7,-5.92,69.6,Non-Sensitizer,✅ Concordant
Reference_Substance_1426,1001426-0,CC(CCCC(C)(C)O)CC=OC,Sensitizer (Cat. 1A/1B),21.7,76.7,-7.19,47.1,Sensitizer (Cat. 1A/1B),⚠️ Discordant (Assay Variance)
Reference_Substance_1427,1001427-0,O=c1ccoc2ccccc12C,Non-Sensitizer,99.5,699.5,-7.82,55.0,Non-Sensitizer,✅ Concordant
Reference_Substance_1428,1001428-0,Cc1ccccc1COCCO,Sensitizer (Cat. 1A/1B),40.7,252.9,-5.66,75.7,Non-Sensitizer,✅ Concordant
Reference_Substance_1429,1001429-0,COCC(O)CO,Non-Sensitizer,60.1,98.1,-6.56,58.2,Non-Sensitizer,⚠️ Discordant (Assay Variance)
Reference_Substance_1430,1001430-0,COC(=O)c1ccc(O)cc1C,Sensitizer (Cat. 1A/1B),58.9,78.5,-3.78,64.2,Sensitizer (Cat. 1A/1B),✅ Concordant
Reference_Substance_1431,1001431-0,Cc1ccccc1C=CC=O,Non-Sensitizer,71.8,53.0,-4.6,81.2,Sensitizer (Cat. 1A/1B),✅ Concordant
Reference_Substance_1432,1001432-0,C=OC,Sensitizer (Cat. 1A/1B),82.9,296.6,-3.76,54.3,Non-Sensitizer,⚠️ Discordant (Assay Variance)
Reference_Substance_1433,1001433-0,CCC=CC=O,Non-Sensitizer,83.9,61.7,-6.62,49.2,Non-Sensitizer,✅ Concordant
Reference_Substance_1434,1001434-0,C=CCc1ccc(O)c(OC)c1C,Sensitizer (Cat. 1A/1B),52.2,226.2,-5.64,48.3,Non-Sensitizer,✅ Concordant
Reference_Substance_1435,1001435-0,CCC(C)=CCCC(C)=CCO,Non-Sensitizer,61.3,76.8,-8.94,49.8,Non-Sensitizer,⚠️ Discordant (Assay Variance)
Reference_Substance_1436,1001436-0,CC(CCCC(C)(C)O)CC=OC,Sensitizer (Cat. 1A/1B),71.2,271.2,-6.14,57.1,Sensitizer (Cat. 1A/1B),✅ Concordant
Reference_Substance_1437,1001437-0,O=c1ccoc2ccccc12C,Non-Sensitizer,59.5,421.8,-5.68,56.7,Non-Sensitizer,✅ Concordant
Reference_Substance_1438,1001438-0,Cc1ccccc1COCCO,Sensitizer (Cat. 1A/1B),99.5,376.3,-5.62,36.6,Non-Sensitizer,⚠️ Discordant (Assay Variance)
Reference_Substance_1439,1001439-0,COCC(O)CO,Non-Sensitizer,75.8,357.7,-5.85,88.1,Non-Sensitizer,✅ Concordant
Reference_Substance_1440,1001440-0,COC(=O)c1ccc(O)cc1C,Sensitizer (Cat. 1A/1B),81.2,52.0,-5.72,61.9,Non-Sensitizer,✅ Concordant
Reference_Substance_1441,1001441-0,Cc1ccccc1C=CC=O,Non-Sensitizer,79.6,23.1,-9.06,71.4,Sensitizer (Cat. 1A/1B),⚠️ Discordant (Assay Variance)
Reference_Substance_1442,1001442-0,C=OC,Sensitizer (Cat. 1A/1B),90.8,300.1,-5.49,45.4,Sensitizer (Cat. 1A/1B),✅ Concordant
Reference_Substance_1443,1001443-0,CCC=CC=O,Non-Sensitizer,69.0,114.9,-5.22,9.5,Non-Sensitizer,✅ Concordant
Reference_Substance_1444,1001444-0,C=CCc1ccc(O)c(OC)c1C,Sensitizer (Cat. 1A/1B),36.5,141.6,-4.19,53.1,Sensitizer (Cat. 1A/1B),⚠️ Discordant (Assay Variance)
Reference_Substance_1445,1001445-0,CCC(C)=CCCC(C)=CCO,Non-Sensitizer,73.8,7.9,-5.36,22.7,Non-Sensitizer,✅ Concordant
Reference_Substance_1446,1001446-0,CC(CCCC(C)(C)O)CC=OC,Sensitizer (Cat. 1A/1B),50.7,75.1,-5.96,81.8,Non-Sensitizer,✅ Concordant
Reference_Substance_1447,1001447-0,O=c1ccoc2ccccc12C,Non-Sensitizer,53.4,8.6,-4.47,40.0,Non-Sensitizer,⚠️ Discordant (Assay Variance)
Reference_Substance_1448,1001448-0,Cc1ccccc1COCCO,Sensitizer (Cat. 1A/1B),77.9,528.4,-8.63,83.0,Sensitizer (Cat. 1A/1B),✅ Concordant
Reference_Substance_1449,1001449-0,COCC(O)CO,Non-Sensitizer,92.2,69.7,-6.42,86.0,Sensitizer (Cat. 1A/1B),✅ Concordant
Reference_Substance_1450,1001450-0,COC(=O)c1ccc(O)cc1C,Sensitizer (Cat. 1A/1B),65.5,203.7,-6.72,38.9,Non-Sensitizer,⚠️ Discordant (Assay Variance)
Reference_Substance_1451,1001451-0,Cc1ccccc1C=CC=O,Non-Sensitizer,71.8,9.9,-5.84,40.7,Sensitizer (Cat. 1A/1B),✅ Concordant
Reference_Substance_1452,1001452-0,C=OC,Sensitizer (Cat. 1A/1B),99.5,274.8,-8.44,36.9,Sensitizer (Cat. 1A/1B),✅ Concordant
Reference_Substance_1453,1001453-0,CCC=CC=O,Non-Sensitizer,70.3,97.5,-4.22,88.1,Non-Sensitizer,⚠️ Discordant (Assay Variance)
Reference_Substance_1454,1001454-0,C=CCc1ccc(O)c(OC)c1C,Sensitizer (Cat. 1A/1B),99.5,570.5,-6.1,11.7,Non-Sensitizer,✅ Concordant
Reference_Substance_1455,1001455-0,CCC(C)=CCCC(C)=CCO,Non-Sensitizer,77.4,547.6,-5.42,38.7,Sensitizer (Cat. 1A/1B),✅ Concordant
Reference_Substance_1456,1001456-0,CC(CCCC(C)(C)O)CC=OC,Sensitizer (Cat. 1A/1B),26.3,98.4,-5.53,46.6,Non-Sensitizer,⚠️ Discordant (Assay Variance)
Reference_Substance_1457,1001457-0,O=c1ccoc2ccccc12C,Non-Sensitizer,81.6,578.1,-4.29,22.9,Non-Sensitizer,✅ Concordant
Reference_Substance_1458,1001458-0,Cc1ccccc1COCCO,Sensitizer (Cat. 1A/1B),73.4,1390.4,-8.03,77.6,Non-Sensitizer,✅ Concordant
Reference_Substance_1459,1001459-0,COCC(O)CO,Non-Sensitizer,93.4,436.3,-5.67,18.4,Non-Sensitizer,⚠️ Discordant (Assay Variance)
Reference_Substance_1460,1001460-0,COC(=O)c1ccc(O)cc1C,Sensitizer (Cat. 1A/1B),79.8,465.9,-4.42,66.0,Sensitizer (Cat. 1A/1B),✅ Concordant
Reference_Substance_1461,1001461-0,Cc1ccccc1C=CC=O,Non-Sensitizer,62.0,71.6,-5.92,19.1,Sensitizer (Cat. 1A/1B),✅ Concordant
Reference_Substance_1462,1001462-0,C=OC,Sensitizer (Cat. 1A/1B),38.1,214.9,-6.94,40.2,Non-Sensitizer,⚠️ Discordant (Assay Variance)
Reference_Substance_1463,1001463-0,CCC=CC=O,Non-Sensitizer,60.4,17.4,-6.52,88.3,Sensitizer (Cat. 1A/1B),✅ Concordant
Reference_Substance_1464,1001464-0,C=CCc1ccc(O)c(OC)c1C,Sensitizer (Cat. 1A/1B),46.3,24.9,-6.27,80.7,Sensitizer (Cat. 1A/1B),✅ Concordant
Reference_Substance_1465,1001465-0,CCC(C)=CCCC(C)=CCO,Non-Sensitizer,52.2,1701.4,-6.67,37.7,Non-Sensitizer,⚠️ Discordant (Assay Variance)
Reference_Substance_1466,1001466-0,CC(CCCC(C)(C)O)CC=OC,Sensitizer (Cat. 1A/1B),77.9,98.9,-5.98,75.9,Sensitizer (Cat. 1A/1B),✅ Concordant
Reference_Substance_1467,1001467-0,O=c1ccoc2ccccc12C,Non-Sensitizer,99.5,344.8,-3.99,76.6,Sensitizer (Cat. 1A/1B),✅ Concordant
Reference_Substance_1468,1001468-0,Cc1ccccc1COCCO,Sensitizer (Cat. 1A/1B),73.7,410.8,-6.52,39.3,Non-Sensitizer,⚠️ Discordant (Assay Variance)
Reference_Substance_1469,1001469-0,COCC(O)CO,Non-Sensitizer,38.7,488.0,-6.39,61.5,Non-Sensitizer,✅ Concordant
Reference_Substance_1470,1001470-0,COC(=O)c1ccc(O)cc1C,Sensitizer (Cat. 1A/1B),74.8,1511.0,-5.25,31.8,Non-Sensitizer,✅ Concordant
Reference_Substance_1471,1001471-0,Cc1ccccc1C=CC=O,Non-Sensitizer,91.3,69.1,-6.01,61.2,Sensitizer (Cat. 1A/1B),⚠️ Discordant (Assay Variance)
Reference_Substance_1472,1001472-0,C=OC,Sensitizer (Cat. 1A/1B),51.6,10.3,-7.4,50.8,Sensitizer (Cat. 1A/1B),✅ Concordant
Reference_Substance_1473,1001473-0,CCC=CC=O,Non-Sensitizer,62.1,132.4,-5.87,45.6,Non-Sensitizer,✅ Concordant
Reference_Substance_1474,1001474-0,C=CCc1ccc(O)c(OC)c1C,Sensitizer (Cat. 1A/1B),65.3,34.8,-5.92,55.2,Non-Sensitizer,⚠️ Discordant (Assay Variance)
Reference_Substance_1475,1001475-0,CCC(C)=CCCC(C)=CCO,Non-Sensitizer,47.7,5.7,-4.63,37.6,Non-Sensitizer,✅ Concordant
Reference_Substance_1476,1001476-0,CC(CCCC(C)(C)O)CC=OC,Sensitizer (Cat. 1A/1B),79.3,111.7,-6.97,21.6,Sensitizer (Cat. 1A/1B),✅ Concordant
Reference_Substance_1477,1001477-0,O=c1ccoc2ccccc12C,Non-Sensitizer,62.3,382.8,-4.62,9.3,Sensitizer (Cat. 1A/1B),⚠️ Discordant (Assay Variance)
Reference_Substance_1478,1001478-0,Cc1ccccc1COCCO,Sensitizer (Cat. 1A/1B),74.2,208.8,-5.92,57.4,Sensitizer (Cat. 1A/1B),✅ Concordant
Reference_Substance_1479,1001479-0,COCC(O)CO,Non-Sensitizer,45.5,93.8,-7.13,36.9,Non-Sensitizer,✅ Concordant
Reference_Substance_1480,1001480-0,COC(=O)c1ccc(O)cc1C,Sensitizer (Cat. 1A/1B),55.4,265.6,-7.37,6.9,Non-Sensitizer,⚠️ Discordant (Assay Variance)
Reference_Substance_1481,1001481-0,Cc1ccccc1C=CC=O,Non-Sensitizer,80.9,66.0,-3.48,54.7,Non-Sensitizer,✅ Concordant
Reference_Substance_1482,1001482-0,C=OC,Sensitizer (Cat. 1A/1B),56.8,5.0,-5.99,97.8,Sensitizer (Cat. 1A/1B),✅ Concordant
Reference_Substance_1483,1001483-0,CCC=CC=O,Non-Sensitizer,99.5,361.4,-4.68,43.0,Sensitizer (Cat. 1A/1B),⚠️ Discordant (Assay Variance)
Reference_Substance_1484,1001484-0,C=CCc1ccc(O)c(OC)c1C,Sensitizer (Cat. 1A/1B),56.2,244.4,-7.85,73.9,Non-Sensitizer,✅ Concordant
Reference_Substance_1485,1001485-0,CCC(C)=CCCC(C)=CCO,Non-Sensitizer,69.9,359.2,-2.63,68.9,Sensitizer (Cat. 1A/1B),✅ Concordant
Reference_Substance_1486,1001486-0,CC(CCCC(C)(C)O)CC=OC,Sensitizer (Cat. 1A/1B),85.5,9.9,-4.73,79.1,Sensitizer (Cat. 1A/1B),⚠️ Discordant (Assay Variance)
Reference_Substance_1487,1001487-0,O=c1ccoc2ccccc12C,Non-Sensitizer,33.8,453.7,-6.11,32.3,Non-Sensitizer,✅ Concordant
Reference_Substance_1488,1001488-0,Cc1ccccc1COCCO,Sensitizer (Cat. 1A/1B),26.3,241.6,-6.17,51.2,Non-Sensitizer,✅ Concordant
Reference_Substance_1489,1001489-0,COCC(O)CO,Non-Sensitizer,31.4,207.2,-4.92,49.9,Sensitizer (Cat. 1A/1B),⚠️ Discordant (Assay Variance)
Reference_Substance_1490,1001490-0,COC(=O)c1ccc(O)cc1C,Sensitizer (Cat. 1A/1B),92.8,245.0,-4.99,9.3,Non-Sensitizer,✅ Concordant
Reference_Substance_1491,1001491-0,Cc1ccccc1C=CC=O,Non-Sensitizer,52.9,499.6,-5.58,79.6,Non-Sensitizer,✅ Concordant
Reference_Substance_1492,1001492-0,C=OC,Sensitizer (Cat. 1A/1B),99.5,221.0,-5.79,43.9,Sensitizer (Cat. 1A/1B),⚠️ Discordant (Assay Variance)
Reference_Substance_1493,1001493-0,CCC=CC=O,Non-Sensitizer,52.6,217.4,-5.13,15.2,Sensitizer (Cat. 1A/1B),✅ Concordant
Reference_Substance_1494,1001494-0,C=CCc1ccc(O)c(OC)c1C,Sensitizer (Cat. 1A/1B),69.1,1168.9,-7.89,59.7,Non-Sensitizer,✅ Concordant
Reference_Substance_1495,1001495-0,CCC(C)=CCCC(C)=CCO,Non-Sensitizer,98.9,353.4,-6.25,24.4,Non-Sensitizer,⚠️ Discordant (Assay Variance)
Reference_Substance_1496,1001496-0,CC(CCCC(C)(C)O)CC=OC,Sensitizer (Cat. 1A/1B),99.5,146.0,-7.78,45.0,Sensitizer (Cat. 1A/1B),✅ Concordant
Reference_Substance_1497,1001497-0,O=c1ccoc2ccccc12C,Non-Sensitizer,99.5,307.2,-5.07,53.7,Sensitizer (Cat. 1A/1B),✅ Concordant
Reference_Substance_1498,1001498-0,Cc1ccccc1COCCO,Sensitizer (Cat. 1A/1B),91.6,123.3,-6.61,33.2,Sensitizer (Cat. 1A/1B),⚠️ Discordant (Assay Variance)
Reference_Substance_1499,1001499-0,COCC(O)CO,Non-Sensitizer,87.5,65.0,-7.69,62.8,Non-Sensitizer,✅ Concordant
Reference_Substance_1500,1001500-0,COC(=O)c1ccc(O)cc1C,Sensitizer (Cat. 1A/1B),78.0,227.1,-6.75,58.8,Non-Sensitizer,✅ Concordant
Reference_Substance_1501,1001501-0,Cc1ccccc1C=CC=O,Non-Sensitizer,82.1,658.4,-5.62,39.5,Non-Sensitizer,⚠️ Discordant (Assay Variance)
